nome-fantasia,esfera-administrativa,cep,logradouro,numero,bairro,telefone,latitude,longitude,turno-atendimento,centro-cirurgico,centro-obstetrico,centro-neonatal,atendimento-hospitalar,servico-apoio,atendimento-ambulatorial,ambulatorial-sus
HOFE SEG SAO VICENTE,MUNICIPAL,11340000,FREI GASPAR,2587,BEIRA MAR,13 88239212,-239.575.481.911,-464.025.163.651,MANHA-TARDE,0.0,0.0,0.0,0.0,1.0,0.0,NAO
CENTRO DE REABILITACAO NEUROLOGICA MATHEUS ALVARES SV,MUNICIPAL,11320160,ONZE DE JUNHO,291,BOA VISTA,13 34917540,-239.716.855.194,-463.727.545.738,MANHA-TARDE,0.0,0.0,0.0,0.0,1.0,0.0,NAO
CENTRO DE REABILITACAO NEUROLOGICA MATHEUS ALVARES II SV,MUNICIPAL,11320120,RANGEL PESTANA,209,BOA VISTA,13 35913175,-239.694.601.205,-46.372.218.132,MANHA-TARDE,0.0,0.0,0.0,0.0,1.0,0.0,NAO
IACS PRESIDENTE WILSON SAO VICENTE,MUNICIPAL,11320001,AVENIDA PRESIDENTE WILSON,456,BOA VISTA,1332813000,-239.677.395,-463.481.869,MANHA-TARDE,0.0,0.0,0.0,0.0,1.0,0.0,NAO
EVOLUIR CLINICA NEURODESENVOLVIMENTO 2 SV,MUNICIPAL,11320120,RANGEL PESTANA,209,BOA VISTA,13 32332362,-239.707.155,-463.730.805,MANHA-TARDE,0.0,0.0,0.0,0.0,0.0,0.0,NAO
ESF SA CATARINA SAO VICENTE,MUNICIPAL,11365330,RUA TRAVESSA DO PARQUE,S/N,CATIAPOA,1334663797,-23.957.364,-46.393.161,MANHA-TARDE,0.0,0.0,0.0,0.0,1.0,0.0,SIM
UNIDADE BASICA DE SAUDE CATIAPOA SAO VICENTE,MUNICIPAL,11370300,AV PERSIO DE QUEIROZ FILHO,S/N,CATIAPOA,(13)34672887,-239.567.176.184,-463.873.311.661,MANHA-TARDE,0.0,0.0,0.0,0.0,1.0,0.0,SIM
APAE SAO VICENTE,MUNICIPAL,11390220,RUA FELICIANO MARCONDES DA SILVA,205,CATIAPOA,(13)34677828,-239.624.203,-463.820.005,MANHA-TARDE,0.0,0.0,0.0,0.0,1.0,0.0,SIM
EDUARDO PALMIERI,MUNICIPAL,11390200,AV MARTINS FONTES,480,CATIAPOA,34684645,-239.606.852,-464.067.146,MANHA-TARDE,0.0,0.0,0.0,0.0,1.0,0.0,NAO
CONSULTORIO ODONTOLOGICO MARILENE J ALVES SAO VICENTE,MUNICIPAL,11390360,RUA SALVADOR MALAQUIAS LEAL,88,CATIAPOA,1330186811,-239.564.426,-463.860.826,MANHA-TARDE,0.0,0.0,0.0,0.0,1.0,0.0,NAO
RADICOM SAO VICENTE,MUNICIPAL,11310040,PADRE ANCHIETA,224,CENTRO,13 34811671,-239.682.150.567,-463.849.854.469,MANHA-TARDE,0.0,0.0,0.0,0.0,1.0,0.0,NAO
CENTRO DE COMBATE AO CORONAVIRUS DE SAO VICENTE,MUNICIPAL,11310050,RUA JOAO RAMALHO,1150,CENTRO,1334662962,-23.963.294,-46.387.726,MANHA-TARDE,0.0,0.0,0.0,0.0,1.0,0.0,SIM
CLINICA MULT IMAGEM SAO VICENTE,MUNICIPAL,11310061,RUA FREI GASPAR,790,CENTRO,1332286700,-23.964.822,-46.386.613,MANHA-TARDE,0.0,0.0,0.0,0.0,1.0,0.0,NAO
LEANDRO DE LIMA GIACCHERI SAO VICENTE,MUNICIPAL,11310071,RUA JACOB EMERICK,365,CENTRO,13988222244,-23.967.809,-46.385.047,MANHA-TARDE,0.0,0.0,0.0,0.0,1.0,0.0,NAO
ALCYR NOGUEIRA LIMA SAO VICENTE,MUNICIPAL,11310061,RUA FREI GASPAR,931,CENTRO,,-23.964.591,-46.388.623,MANHA-TARDE,0.0,0.0,0.0,0.0,1.0,0.0,NAO
RMIC IMAGENS DE DIAGNOSTICOS SAO VICENTE,MUNICIPAL,11310060,RUA FREI GASPAR,637,CENTRO,1333711098,-23.966.127,-46.385.701,MANHA-TARDE,0.0,0.0,0.0,0.0,1.0,0.0,NAO
CONSULTORIO DRA RENATA GUELLI SAO VICENTE,MUNICIPAL,11310400,RUA XV DE NOVEMBRO,576,CENTRO,1334673793,-23.963.755,-46.385.414,MANHA-TARDE,0.0,0.0,0.0,0.0,1.0,0.0,NAO
CENTRAL MUNICIPAL DE REDE DE FRIO SAO VICENTE,MUNICIPAL,11310040,RUA PADRE ANCHIETA,462,CENTRO,1335695700,-239.665.239.076,-463.838.911.057,MANHA-TARDE,0.0,0.0,0.0,0.0,0.0,0.0,SIM
FARMACIA PAGUE MENOS SAO VICENTE,MUNICIPAL,11320000,AV PRESIDENTE WILSON,706,CENTRO,1334664339,-239.682.455.033,-463.754.039.034,MANHA-TARDE-NOITE,0.0,0.0,0.0,0.0,1.0,0.0,NAO
MONICA BATALHA PRADO SAO VICENTE,MUNICIPAL,11320000,AV PRESIDENTE WILSON,1473,CENTRO,1334662803,-239.652.812.665,-463.821.235.299,MANHA-TARDE-NOITE,0.0,0.0,0.0,0.0,1.0,0.0,NAO
TOXICOLOGICO SAO VICENTE,MUNICIPAL,11310000,BARAO DO RIO BRANCO,94,CENTRO,13 96933033,-23.966.440.575,-463.860.958.815,MANHA-TARDE,0.0,0.0,0.0,0.0,0.0,0.0,NAO
MAXI EXAMES,MUNICIPAL,11310070,R JACOB EMERICK,365,CENTRO,(13) 3467-9303,-239.671.768,-463.858.775,MANHA-TARDE,0.0,0.0,0.0,0.0,0.0,0.0,NAO
TAMARA MACHADO FRACALANZA BOCCATELLI,MUNICIPAL,11320010,AVENIDA QUINTINO BOCAIUVA,405,CENTRO,,-23.967.568.011,-463.846.850.395,MANHA-TARDE,0.0,0.0,0.0,0.0,0.0,0.0,NAO
INSTITUTO ORTOPEDICO ITARARE SAO VICENTE,MUNICIPAL,11320920,AV PRESIDENTE WILSON,1340,CENTRO,(13)34681550,-23.965.492,-46.380.825,MANHA-TARDE,0.0,0.0,0.0,0.0,1.0,0.0,NAO
SERVICO DE PERICIAS MEDICAS SAO VICENTE,MUNICIPAL,11310010,RUA FREI GASPAR,637,CENTRO,(13)34677333,-23.966.083,-4.638.569,MANHA-TARDE,0.0,0.0,0.0,0.0,1.0,0.0,NAO
CTA BETINHO SAO VICENTE,MUNICIPAL,11320010,AV QUINTINO BOCAIUVA,1261,CENTRO,(13)34698522,-23.967.086,-46.387.824,MANHA-TARDE,0.0,0.0,0.0,0.0,1.0,0.0,SIM
SECRETARIA DE SAUDE DE SAO VICENTE,MUNICIPAL,11310040,RUA PADRE ANCHIETA,462,CENTRO,(13)35695700,-23.966.264,-46.383.546,MANHA-TARDE,,,,,0.0,0.0,SIM
COMPLEXO DE ESPECIALIDADES MEDICAS SAO VICENTE,MUNICIPAL,11310400,RUA XV DE NOVEMBRO,176,CENTRO,(13)34650900,-239.670.484.113,-463.869.380.951,MANHA-TARDE,0.0,0.0,0.0,0.0,1.0,0.0,SIM
LABORATORIO DR SERGIO TAVOLARO PEREIRA SAO VICENTE,MUNICIPAL,11310050,RUA JOAO RAMALHO,825,CENTRO,(13)34688696,-239.649.502.627,-463.855.295.034,MANHA-TARDE-NOITE,0.0,0.0,0.0,0.0,1.0,0.0,NAO
SAO PEDRO ANALISES CLINICAS SAO VICENTE,MUNICIPAL,11310420,RUA IPIRANGA,4,CENTRO,(13)34673124,,,TARDE,,,,,1.0,0.0,NAO
INSTITUTO OFTALMOLOGICO ACCIOLY DE GUSMAO SAO VICENTE,MUNICIPAL,11320060,RUA AMADOR BUENO DA RIBEIRA,68,CENTRO,13 35695555,-23.966.794,-46.377.159,MANHA-TARDE,0.0,0.0,0.0,0.0,1.0,0.0,NAO
CLINICA PADRE ANCHIETA SAO VICENTE,MUNICIPAL,11320000,AV PRESIDENTE WILSON,1136,CENTRO,(13)34682829,-23.965.742,-46.379.113,MANHA-TARDE,1.0,0.0,0.0,1.0,1.0,1.0,NAO
CLINICA MEDICA DR JOSE MARTINS FONTES SAO VICENTE,MUNICIPAL,11310420,RUA IPIRANGA,S/N,CENTRO,(13)34684848,,,MANHA-TARDE-NOITE,0.0,0.0,0.0,0.0,1.0,0.0,NAO
UNIDADE MEDICA SAO VICENTE SAO VICENTE,MUNICIPAL,11310420,RUA IPIRANGA,28,CENTRO,(13)34682861,,,MANHA-TARDE,0.0,0.0,0.0,0.0,1.0,0.0,NAO
CLINICA SAO VICENTE RAMALHO DIAGNOSES SAO VICENTE,MUNICIPAL,11310421,RUA IPIRANGA,31,CENTRO,(13)34673526,,,MANHA-TARDE,0.0,0.0,0.0,0.0,1.0,0.0,NAO
HOSPITAL SAO JOSE SAO VICENTE,MUNICIPAL,11310061,RUA FREI GASPAR,790,CENTRO,1330489488,-23.965.168,-46.386.657,24H,1.0,1.0,1.0,1.0,1.0,1.0,NAO
SAE CTA SERVICO DE ATENDIMENTO ESPECIALIZADO SAO VICENTE,MUNICIPAL,11320010,AV QUINTINO BOCAIUVA,1261,CENTRO,(13)35693500,-2.396.935,-46.383.804,MANHA-TARDE,0.0,0.0,0.0,0.0,1.0,0.0,SIM
MAXILABOR SAO VICENTE,MUNICIPAL,11310070,R JACOB EMERICK,365,CENTRO,1334679303,-239.682.703,-463.837.073,MANHA-TARDE,0.0,0.0,0.0,0.0,0.0,0.0,NAO
EDUARDO OREFICE SAO VICENTE,MUNICIPAL,11320001,AV PRESIDENTE WILSON,1473,CENTRO,1334694909,-239.645.689,-463.833.532,MANHA-TARDE,0.0,0.0,0.0,0.0,1.0,0.0,NAO
FARMACIA DE MANIPULACAO LEVEN SAO VICENTE,MUNICIPAL,11310071,R JACOB EMERICK,393,CENTRO,1333299800,-239.682.703,-463.837.073,MANHA-TARDE,0.0,0.0,0.0,0.0,0.0,0.0,NAO
LASER PERUSSI SAO VICENTE,MUNICIPAL,11310061,RUA FREI GASPAR,637,CENTRO,1334668609,-239.551.384,-464.069.904,MANHA-TARDE,0.0,0.0,0.0,0.0,1.0,0.0,NAO
ORTHO DENTS SAO VICENTE,MUNICIPAL,11310040,RUA PADRE ANCHIETA,306,CENTRO,13996868038,-239.658.382,-46.383.568,MANHA-TARDE-NOITE,0.0,0.0,0.0,0.0,1.0,0.0,NAO
LABORATORIO PAULISTA SAO VICENTE,MUNICIPAL,11310421,RUA IPIRANGA,17,CENTRO,1333564011,-239.651.071,-463.874.308,MANHA-TARDE,0.0,0.0,0.0,0.0,0.0,0.0,SIM
FALCONERES DE ALMEIDA OFTALMOLOGIA E MEDICINA SV,MUNICIPAL,11310400,RUA QUINZE DE NOVEMBRO,576,CENTRO,1338770177,-239.631.703,-463.852.566,MANHA-TARDE,0.0,0.0,0.0,0.0,1.0,0.0,NAO
INSTITUTO SEGUMED UNIDADE SAO VICENTE,MUNICIPAL,11310400,FREI GASPAR,790,CENTRO,1334666323,-239.650.220.449,-463.864.726.161,MANHA-TARDE-NOITE,0.0,0.0,0.0,0.0,1.0,0.0,SIM
OMEGA3 LABORATORIO DE ANALISES CLINICAS SAO VICENTE,MUNICIPAL,11310060,RUA FREI GASPAR,299,CENTRO,1335795694,-239.681.374.648,-463.818.353,MANHA-TARDE,0.0,0.0,0.0,0.0,1.0,0.0,NAO
CARLOS VILAR SAO VICENTE,MUNICIPAL,11320001,AV PRESIDENTE WILSON,1473,CENTRO,34672310,-239.653.768.547,-463.820.296.526,MANHA-TARDE,0.0,0.0,0.0,0.0,1.0,0.0,NAO
VIVIANE AGUIAR YUMOTO FRIAS SAO VICENTE,MUNICIPAL,11310500,BENJAMIN CONSTANT,74,CENTRO,13 97217474,-239.635.386.461,-46.384.557.061,MANHA-TARDE,0.0,0.0,0.0,0.0,1.0,0.0,NAO
CLINICA MEDICA LIMA DIAS SAO VICENTE,MUNICIPAL,11320915,PRESIDENTE WILSON,1473,CENTRO,13 34693985,-239.653.204.822,-463.820.162.416,MANHA-TARDE,0.0,0.0,0.0,0.0,1.0,0.0,NAO
ACADEMIA DE MEDICINA FISICA E REABILITACAO DE SAO VICENTE,MUNICIPAL,11310420,SAO VICENTE,62,CENTRO,,,,MANHA-TARDE-NOITE,0.0,0.0,0.0,0.0,0.0,0.0,NAO
ANTONIO E M CURADO SAO VICENTE,MUNICIPAL,11310061,R FREI GASPAR,86,CENTRO,,,,MANHA-TARDE,0.0,0.0,0.0,0.0,1.0,0.0,NAO
CLINICA MEDICA BOA VISTA SAO VICENTE,MUNICIPAL,11310330,RUA TREZE DE MAIO,336,CENTRO,(13)34686421,-239.664.847,-463.901.835,MANHA-TARDE,0.0,0.0,0.0,0.0,1.0,0.0,NAO
CLINICA RENASCER SAO VICENTE,MUNICIPAL,11310200,AV CAPITAO MOR AGUIAR,445,CENTRO,(13)34676133,-239.672.683.371,-46.391.927.261,MANHA-TARDE,0.0,0.0,0.0,0.0,1.0,0.0,NAO
FOCUS CLINICA OFTAMOLOGICA SAO VICENTE,MUNICIPAL,11310040,RUA XV DE NOVEMBRO,576,CENTRO,(13)34695056,-23.965.002,-46.385.567,MANHA-TARDE,0.0,0.0,0.0,0.0,1.0,0.0,NAO
LABORATORIO ANALISES MED DR JOSE RODRIGUES SAO VICENTE,MUNICIPAL,11310421,RUA IPIRANGA,321,CENTRO,(13)34683057,,,MANHA-TARDE,0.0,0.0,0.0,0.0,1.0,0.0,NAO
CELSO DA SILVA NORONHA SAO VICENTE,MUNICIPAL,11320120,RUA FREI GASPAR,739,CENTRO,(13)34689587,-239.656.072.465,-463.865.947.723,MANHA-TARDE,0.0,0.0,0.0,0.0,1.0,0.0,NAO
ROBERTO DI GIOVANNI VERGARA SAO VICENTE,MUNICIPAL,11310061,RUA FREI GASPAR,305,CENTRO,(13)34673042,,,MANHA-TARDE,0.0,0.0,0.0,0.0,1.0,0.0,NAO
ROGERIA RITA DE CASSIA PALMA SAO VICENTE,MUNICIPAL,11310061,RUA FREI GASPAR,739,CENTRO,(13)34684853,-239.656.121.484,-463.867.074.251,MANHA-TARDE,0.0,0.0,0.0,0.0,1.0,0.0,NAO
CLINICA DR ROGERIO CORSO SAO VICENTE,MUNICIPAL,11310071,JACOB EMERICK,365,CENTRO,13 34692127,-239.677.640.858,-463.851.356.506,MANHA-TARDE,0.0,0.0,0.0,0.0,1.0,0.0,NAO
LOURDES APARECIDA NORONHA SAO VICENTE,MUNICIPAL,11320001,AV PRESIDENTE WILSON,1473,CENTRO,(13)34683000,,,MANHA-TARDE,0.0,0.0,0.0,0.0,1.0,0.0,NAO
DR MILTON FERREIRA SAO VICENTE,MUNICIPAL,11310010,AVENIDA PRESIDENTE WILSON,1473,CENTRO,34695151,-239.653.033.253,-463.822.683.692,MANHA-TARDE,0.0,0.0,0.0,0.0,1.0,0.0,NAO
ANA PAULA VILLANI BORDA SAO VICENTE,MUNICIPAL,11310060,RUA FREI GASPAR,795,CENTRO,34696121,-23.965.291,-46.387.222,MANHA-TARDE,0.0,0.0,0.0,0.0,1.0,0.0,NAO
LILIAN GRELLET SAO VICENTE,MUNICIPAL,11310060,R FREI GASPAR,931,CENTRO,(13)34699156,,,MANHA-TARDE,0.0,0.0,0.0,0.0,1.0,0.0,NAO
ANTONIO JOSE GOUVEIA SAO VICENTE,MUNICIPAL,11390010,AV PRESIDENTE WILSON,1473,CENTRO,(13)34694909,,,TARDE,0.0,0.0,0.0,0.0,1.0,0.0,NAO
MARIA CRISTINA CHIEFFI AAGAARD SAO VICENTE,MUNICIPAL,11390010,R FREI GASPAR,637,CENTRO,(13)94694397,,,MANHA-TARDE,0.0,0.0,0.0,0.0,1.0,0.0,NAO
GRAZIELA DE MELO RABELO FRAYHA SAO VICENTE,MUNICIPAL,11310400,RUA QUINZE DE NOVEMBRO,576,CENTRO,(13)34682928,-23.965.569,-46.386.701,MANHA-TARDE,0.0,0.0,0.0,0.0,1.0,0.0,NAO
SANDRA MARA BARBOSA DOS SANTOS SAO VICENTE,MUNICIPAL,11320001,AV PRESIDENTE WILSON,1473,CENTRO,(13)34687700,-23.965.412,-46.382.251,MANHA-TARDE,0.0,0.0,0.0,0.0,1.0,0.0,NAO
TERESA CRISTINA C FRABREGA DE CARVALHO SAO VICENTE,MUNICIPAL,11310040,R PADRE ANCHIETA,331,CENTRO,(13)34686267,-23.967.204,-46.384.594,TARDE,0.0,0.0,0.0,0.0,1.0,0.0,NAO
GILMAR ALVES DE OLIVEIRA SAO VICENTE,MUNICIPAL,11340190,AV PREFEITO JOSE MONTEIRO,422,CENTRO,,,,MANHA-TARDE,0.0,0.0,0.0,0.0,1.0,0.0,NAO
IBV INSTITUTO BRASILEIRO DE VISAO SAO VICENTE,MUNICIPAL,11390010,RUA FREI GASPAR,739,CENTRO,(13)35691100,-23.965.656.266,-463.866.484.165,MANHA-TARDE,0.0,0.0,0.0,0.0,1.0,0.0,SIM
MAURITY RIBEIRO DE FREITAS SAO VICENTE,MUNICIPAL,11320915,AVENIDA PRESIDENTE WILSON,1473,CENTRO,(13)34682885,,,MANHA-TARDE,0.0,0.0,0.0,0.0,1.0,0.0,NAO
THAIS MARIA PEREZ LARANJA GONCALVES SAO VICENTE,MUNICIPAL,11310000,JOAO RAMALHO,630,CENTRO,(13)34663875,,,TARDE,0.0,0.0,0.0,0.0,1.0,0.0,NAO
FABIANA DO CARMO PELEGRINI SAO VICENTE,MUNICIPAL,11310060,FREI GASPAR,931,CENTRO,(13)30222745,,,MANHA-TARDE,0.0,0.0,0.0,0.0,1.0,0.0,NAO
ORTOSERV SAO VICENTE,MUNICIPAL,11310000,PADRE ANCHIETA,331,CENTRO,(13)34686267,,,24H,0.0,0.0,0.0,0.0,1.0,0.0,NAO
RENAULD TEOFILO BELLEGARD FILHO SAO VICENTE,MUNICIPAL,11310000,PADRE ANCHIETA,331,CENTRO,(13)32395151,,,MANHA-TARDE,0.0,0.0,0.0,0.0,1.0,0.0,NAO
JEAN KHATER FILHO SAO VICENTE,MUNICIPAL,11310010,RUA MARTIM AFONSO,230,CENTRO,(13)34689696,-239.674.062.491,-463.859.456.778,MANHA-TARDE,0.0,0.0,0.0,0.0,1.0,0.0,NAO
OLGAIR TEREZINHA DO AMARAL BROD SAO VICENTE,MUNICIPAL,11320001,AVENIDA PRESIDENTE WILSON,1473,CENTRO,(13)34699148,,,MANHA-TARDE,0.0,0.0,0.0,0.0,0.0,0.0,NAO
SILVIA HELENA BOAVENTURA SAO VICENTE,MUNICIPAL,11320001,AV PRESIDENTE WILSON,1147,CENTRO,13991360671,-2.396.257,-4.637.967,MANHA-TARDE,0.0,0.0,0.0,0.0,1.0,0.0,NAO
SHEILA PROENCA DINIZ SAO VICENTE,MUNICIPAL,11320915,AV PRESIDENTE WILSON,1473,CENTRO,(13)34685337,-239.654.601.879,-463.821.879.029,TARDE,0.0,0.0,0.0,0.0,1.0,0.0,NAO
ELMA SOBRAL DE GOES SAO VICENTE,MUNICIPAL,11310060,RUA FREI GASPAR,739,CENTRO,(13)34671705,,,MANHA-TARDE,0.0,0.0,0.0,0.0,1.0,0.0,NAO
CLAYTON TIMOTEO BUENO RAMOS SAO VICENTE,MUNICIPAL,11310070,RUA JACOB EMMERICH,379,CENTRO,(13)34682270,-23.967.653,-46.385.112,MANHA-TARDE,0.0,0.0,0.0,0.0,1.0,0.0,NAO
MARCELO HENRIQUE BRITO DOS SANTOS SAO VICENTE,MUNICIPAL,11310061,RUA FREI GASPAR,931,CENTRO,(13)34683049,,,INTERMITENTES,0.0,0.0,0.0,0.0,1.0,0.0,NAO
JULIO CESAR ALBINO SAO VICENTE,MUNICIPAL,11310061,RUA FREI GASPAR,931,CENTRO,(13)34683049,,,INTERMITENTES,0.0,0.0,0.0,0.0,1.0,0.0,NAO
JUREMA DA SILVA SAO VICENTE,MUNICIPAL,11310000,RUA FREI GASPAR,931,CENTRO,(13)34684943,-23.964.547,-46.388.612,TARDE,0.0,0.0,0.0,0.0,1.0,0.0,NAO
SIMONE CABRAL REBELO ASSUNCAO SAO VICENTE,MUNICIPAL,11310061,RUA FREI GASPAR,931,CENTRO,(13)34672646,,,MANHA-TARDE,0.0,0.0,0.0,0.0,1.0,0.0,NAO
JOSE GUSTAVO LOPES TAVARES SAO VICENTE,MUNICIPAL,11310071,RUA JACOB EMMERICH,365,CENTRO,(13)34664994,-23.967.755,-46.385.015,MANHA-TARDE,0.0,0.0,0.0,0.0,1.0,0.0,NAO
ANTONIO JOSE ORSI FALLEIROS SAO VICENTE,MUNICIPAL,11310000,RUA IPIRANGA,333,CENTRO,(13)34671954,-239.646.905.788,-463.873.887.062,MANHA-TARDE,0.0,0.0,0.0,0.0,1.0,0.0,NAO
ANA PAULA RODRIGUES FERNANDES SOUZA MARQUES SAO VICENTE,MUNICIPAL,11310080,FREI GASPAR,931,CENTRO,(13)35681549,,,MANHA-TARDE,0.0,0.0,0.0,0.0,1.0,0.0,NAO
VICENTINA PORTOLESI GONCALVES SAO VICENTE,MUNICIPAL,11310080,FREI GASPAR,739,CENTRO,(13)34673740,,,MANHA,0.0,0.0,0.0,0.0,1.0,0.0,NAO
ALFREDO RECLUSA ILSE SAO VICENTE,MUNICIPAL,11310000,FREI GASPAR,739,CENTRO,(13)34673740,,,MANHA-TARDE,0.0,0.0,0.0,0.0,1.0,0.0,NAO
JULIO CESAR MENDONCA PINHEIRO SAO VICENTE,MUNICIPAL,11320001,AV PRESIDENTE WILSON,1473,CENTRO,(13)34686267,-239.654.405.801,-463.820.618.391,MANHA-TARDE,0.0,0.0,0.0,0.0,1.0,0.0,NAO
PAULO ROBERTO ALONSO CARNEIRO SAO VICENTE,MUNICIPAL,11310060,IPIRANGA,333,CENTRO,(13)34671954,-23.964.665,-46.387.425,TARDE,0.0,0.0,0.0,0.0,1.0,0.0,NAO
RICARDO GONCALVES SAO VICENTE,MUNICIPAL,11310061,RUA FREI GASPAR,739,CENTRO,(13)34673740,,,TARDE,0.0,0.0,0.0,0.0,1.0,0.0,NAO
JOSE LUIZ SOARES MAGALHAES SAO VICENTE,MUNICIPAL,11310000,RUA IPIRANGA,333,CENTRO,(13)34671954,,,TARDE,0.0,0.0,0.0,0.0,1.0,0.0,NAO
CARLY ARIGON FELIPPI SAO VICENTE,MUNICIPAL,11310050,AV PRESIDENTE WILSON,1147,CENTRO,(13)30224947,,,MANHA-TARDE,0.0,0.0,0.0,0.0,1.0,0.0,NAO
ROSEMARY MENDES FRANCISCO SAO VICENTE,MUNICIPAL,11320001,AV PRESIDENTE WILSON,1473,CENTRO,(13)34693596,,,MANHA-TARDE,0.0,0.0,0.0,0.0,1.0,0.0,NAO
VERAS CLINICA MEDICA SAO VICENTE,MUNICIPAL,11310000,RUA IPIRANGA,333,CENTRO,(13)34671954,-239.646.436.428,-463.873.935.457,MANHA-TARDE,0.0,0.0,0.0,0.0,1.0,0.0,NAO
CASSIUS MARCELLIUS CAMPOS BITTENCOURT SAO VICENTE,MUNICIPAL,11320001,AV PRESIDENTE WILSON,1473,CENTRO,(13)34693799,-23.965.367,-4.638.224,MANHA-TARDE,0.0,0.0,0.0,0.0,1.0,0.0,NAO
GERSON ARANHA SAO VICENTE,MUNICIPAL,11310060,RUA FREI GASPAR,739,CENTRO,(13)34683868,-23.965.625,-46.386.685,MANHA-TARDE,0.0,0.0,0.0,0.0,1.0,0.0,NAO
VIVIANA ZAPAROLLI DE OLIVEIRA MENEZES SAO VICENTE,MUNICIPAL,11310100,AV CAP MOR AGUIAR,658,CENTRO,(13)34671133,,,MANHA-TARDE,0.0,0.0,0.0,0.0,1.0,0.0,NAO
DULCE MARIA OLIVEIRA SANTOS FREIRE SAO VICENTE,MUNICIPAL,11310080,RUA XV DE NOVEMBRO,260,CENTRO,(13)34693999,,,MANHA-TARDE-NOITE,0.0,0.0,0.0,0.0,1.0,0.0,NAO
DENISE LIE MOLINA GROSSI SAO VICENTE,MUNICIPAL,11310020,AV CAPITAO MOR AGUIAR,658,CENTRO,(13)34671133,,,MANHA,0.0,0.0,0.0,0.0,1.0,0.0,NAO
CENTRO TERAPEUTICO SAO VICENTE,MUNICIPAL,11310010,RUA MARTIM AFONSO,251,CENTRO,(13)34665969,-239.672.282,-463.857.822,MANHA-TARDE,0.0,0.0,0.0,0.0,1.0,0.0,NAO
CENTRO MEDICO SAO LUIZ GONZAGA SC LTDA SAO VICENTE,MUNICIPAL,11310903,AV CAPITAO MOR AGUIAR,658,CENTRO,(13)34671133,-239.653.760.433,-463.914.110.187,MANHA-TARDE,0.0,0.0,0.0,0.0,1.0,0.0,NAO
MARIA LUIZA MOURA SALES SAO VICENTE,MUNICIPAL,11310061,RUA FREI GASPAR,931,CENTRO,34688798,-23.964.537,-46.388.633,MANHA-TARDE,0.0,0.0,0.0,0.0,1.0,0.0,NAO
HELVECIO SIQUEIRA SAO VICENTE,MUNICIPAL,11310100,RUA BENJAMIM CONSTANT,46,CENTRO,(13)34687126,,,TARDE,0.0,0.0,0.0,0.0,1.0,0.0,NAO
EDISON GERALDO TAGLIETA SAO VICENTE,MUNICIPAL,11310100,RUA JOAO RAMALHO,1055,CENTRO,(13)34681001,,,TARDE,0.0,0.0,0.0,0.0,1.0,0.0,NAO
MARCIA ROSSETTO SAO VICENTE,MUNICIPAL,11310500,BENJAMIN CONSTANT,61,CENTRO,(13)34686429,-23.963.693,-46.385.101,MANHA-TARDE,0.0,0.0,0.0,0.0,1.0,0.0,NAO
JOSE MARIA EVANGELISTA BARBOSA DOS SANTOS SAO VICENTE,MUNICIPAL,11310030,RUA EXPEDICIONARIOS VICENTINOS,80,CENTRO,(13)34676919,-2.396.426,-4.638.502,MANHA,0.0,0.0,0.0,0.0,1.0,0.0,NAO
MAX MATOS SERRUYA SAO VICENTE,MUNICIPAL,11310510,RUA EXPEDICIONARIOS VICENTINOS,80,CENTRO,(13)34676919,-239.647.969,-463.843.035,TARDE,0.0,0.0,0.0,0.0,1.0,0.0,NAO
ROBERTO ALCANTARA ZARATE SAO VICENTE,MUNICIPAL,11320100,AV PRESIDENTE WILSON,1033,CENTRO,(13)34676566,-239.673.531.522,-4.637.858.259,MANHA-TARDE,0.0,0.0,0.0,0.0,1.0,0.0,NAO
HELCIO LUIS RIGO GADDINI SAO VICENTE,MUNICIPAL,11320100,AV PRESIDENTE WILSON,1033,CENTRO,(13)34676566,-239.673.727.597,-463.785.504.034,MANHA-TARDE,0.0,0.0,0.0,0.0,1.0,0.0,NAO
ELI CELICE DIAS SAO VICENTE,MUNICIPAL,11320100,AV PRESIDENTE WILSON,1033,CENTRO,(13)34676566,-239.686.624,-46.375.718,MANHA-TARDE,0.0,0.0,0.0,0.0,1.0,0.0,NAO
CLINICA RADIOLOGICA DE SANTOS SC LTDA SAO VICENTE,MUNICIPAL,11310421,RUA IPIRANGA,263,CENTRO,(13)34684412,-23.965.182.855,-463.877.052.457,MANHA-TARDE,0.0,0.0,0.0,0.0,1.0,0.0,NAO
ALETHEA GOUVEIA DIAS CABRAL SAO VICENTE,MUNICIPAL,11310010,RUA MARTIM AFONSO,251,CENTRO,(13)30131646,,,MANHA-TARDE,0.0,0.0,0.0,0.0,1.0,0.0,NAO
FUNDASV FUNDACAO SAO VICENTE SAO VICENTE,MUNICIPAL,11320001,AVPRESIDENTE WILSON,1473,CENTRO,(13)34697869,,,MANHA-TARDE,0.0,0.0,0.0,0.0,1.0,0.0,NAO
MARIA CRISTINA SILVA PINTO PIEDADE SAO VICENTE,MUNICIPAL,11310050,RUA JOAO RAMALHO,1100,CENTRO,34687274,,,MANHA-TARDE,0.0,0.0,0.0,0.0,1.0,0.0,NAO
CARLOS ALBERTO SILVA PINTO SAO VICENTE,MUNICIPAL,11310090,RUA JOAO RAMALHO,1100,CENTRO,34687274,,,TARDE,0.0,0.0,0.0,0.0,1.0,0.0,NAO
JOSE AUGUSTO FALEIROS DINIZ SAO VICENTE,MUNICIPAL,11310030,PRACA DA BANDEIRA,23,CENTRO,34668133,,,TARDE,0.0,0.0,0.0,0.0,1.0,0.0,NAO
VALDIRENE FATIMA DE OLIVEIRA SIQUEIRA SAO VICENTE,MUNICIPAL,11310000,RUA BENJAMIN CONSTANT,46,CENTRO,34687126,,,MANHA-TARDE,0.0,0.0,0.0,0.0,1.0,0.0,NAO
GILBERTO SIQUEIRA SAO VICENTE,MUNICIPAL,11310000,RUA BENJAMIN CONSTANT,46,CENTRO,34697126,,,MANHA-TARDE,0.0,0.0,0.0,0.0,1.0,0.0,NAO
OSWALDIR DIAS SAO VICENTE,MUNICIPAL,11310000,RUA BENJAMIN CONSTANT,46,CENTRO,34687126,,,MANHA-TARDE,0.0,0.0,0.0,0.0,1.0,0.0,NAO
MARIA LYGIA TOLEDO SAWAYA ALVES SAO VICENTE,MUNICIPAL,11310061,RUA FREI GASPAR,637,CENTRO,34697462,,,MANHA-TARDE,0.0,0.0,0.0,0.0,1.0,0.0,NAO
ODONTO PREV SAO VICENTE,MUNICIPAL,11320001,AV PRESIDENTE WILSON,1169,CENTRO,34682013,,,MANHA-TARDE,0.0,0.0,0.0,0.0,1.0,0.0,NAO
CLINICA MEDICA SAO JOSE SAO VICENTE,MUNICIPAL,11320020,TIBIRICA,439,CENTRO,13 35690200,-239.654.699.919,-463.820.511.103,MANHA-TARDE,0.0,0.0,0.0,0.0,1.0,0.0,NAO
ADRIANO DE SOUZA MIZAEL SAO VICENTE,MUNICIPAL,11310500,BENJAMIN CONSTANT,61,CENTRO,13996120477,-239.637.889.379,-463.850.954.824,MANHA-TARDE,0.0,0.0,0.0,0.0,1.0,0.0,NAO
CENTER LASER SAO VICENTE,MUNICIPAL,11310071,RUA JACOB EMMERICH,365,CENTRO,34676342,,,MANHA-TARDE,0.0,0.0,0.0,0.0,1.0,0.0,NAO
WANESSA VAZ FERNANDES PEREIRA SAO VICENTE,MUNICIPAL,11310070,RUA JACOB EMMERICH,878,CENTRO,13 34678504,,,MANHA-TARDE,0.0,0.0,0.0,0.0,1.0,0.0,NAO
ANGELO DOS SANTOS PINHEIRO SAO VICENTE,MUNICIPAL,11310071,RUA JACOB EMMERICH,379,CENTRO,34679780,-23.968.518.971,-463.857.847.452,MANHA-TARDE,0.0,0.0,0.0,0.0,1.0,0.0,NAO
MEDIALISE CENTRO DE HEMODIALISE SAO VICENTE,MUNICIPAL,11310330,TREZE DE MAIO,175,CENTRO,13 34678179,-239.669.993.924,-4.638.864.398,MANHA-TARDE-NOITE,0.0,0.0,0.0,0.0,1.0,0.0,SIM
CLINICA FRAYHA PEDIATRIA ALERGIA IMUNOLOGIA E VACINAS SV,MUNICIPAL,11310400,QUINZE DE NOVEMBRO,576,CENTRO,13 34682928,-239.662.733,-463.866.614,MANHA-TARDE,0.0,0.0,0.0,0.0,0.0,0.0,NAO
ESPACO ALARAFRA SAO VICENTE,MUNICIPAL,11310400,RUA QUINZE DE NOVEMBRO,576,CENTRO,13988803800,-239.637.837.087,-46.385.436.058,MANHA-TARDE,0.0,0.0,0.0,0.0,0.0,0.0,NAO
NEURO INFANCIA SAO VICENTE,MUNICIPAL,11310420,IPIRANGA,266,CENTRO,13 88223232,-239.652.449.296,-4.638.741.053,MANHA-TARDE-NOITE,0.0,0.0,0.0,0.0,0.0,0.0,NAO
LABI EXAMES UNIDADE SAO VICENTE,MUNICIPAL,11310050,JOAO RAMALHO,570,CENTRO,11 38534009,-239.660.484.211,-463.829.684.258,MANHA-TARDE,,,,,0.0,0.0,NAO
NF ODONTOLOGIA A ARTE DE SORRIR SAO VICENTE,MUNICIPAL,11310061,FREI GASPAR,910,CENTRO,13 34688000,-239.641.437.212,-463.877.517.847,MANHA-TARDE-NOITE,0.0,0.0,0.0,0.0,0.0,0.0,NAO
POSTO DE VACINACAO BRISAMAR SV,MUNICIPAL,11310060,RUA FREI GASPAR,365,CENTRO,,-2.396.800.375,-463.839.243.549,MANHA-TARDE-NOITE,0.0,0.0,0.0,0.0,0.0,0.0,NAO
HOME SAUDE VIDA SAO VICENTE,MUNICIPAL,11310060,FREI GASPAR,739,CENTRO,13 89346184,-239.654.969.526,-463.867.342.472,MANHA-TARDE,0.0,0.0,0.0,0.0,0.0,0.0,NAO
MYLENA VIEIRA ODONTOLOGIA SAO VICENTE,MUNICIPAL,11310400,QUINZE DE NOVEMBRO,576,CENTRO,13 74204927,-239.637.853,-463.853.854,MANHA-TARDE,0.0,0.0,0.0,0.0,1.0,0.0,NAO
ZAQUENIRA BATISTA BELCHIOR DE OLIVEIRA SAO VICENTE,MUNICIPAL,11310180,RUA MARQUES DE SAO VICENTE,166,CENTRO,13997410383,-239.688.719.029,-463.906.931.877,MANHA-TARDE,0.0,0.0,0.0,0.0,1.0,0.0,NAO
ODONTO MATER SAO VICENTE,MUNICIPAL,11320020,TIBIRICA,373,CENTRO,13 91528914,-239.660.190.095,-463.823.676.109,MANHA-TARDE,0.0,0.0,0.0,0.0,0.0,0.0,NAO
LUCIANE VERGINIA SANTOS DA SILVA MENDIETA SV,MUNICIPAL,11310071,JACOB EMERICK,365,CENTRO,,-239.678.033.007,-463.850.390.911,MANHA-TARDE,0.0,0.0,0.0,0.0,1.0,0.0,NAO
DROGARIAS NISSEI SAO VICENTE,MUNICIPAL,11320000,AV PRESIDENTE WILSON,218,CENTRO,4132138364,-239.710.309,-463.709.772,MANHA-TARDE-NOITE,0.0,0.0,0.0,0.0,1.0,0.0,NAO
ENDOSONI SAO VICENTE,MUNICIPAL,11310400,RUA XV DE NOVEMBRO,576,CENTRO,1382178239,-239.637.853,-463.853.854,MANHA-TARDE,0.0,0.0,0.0,0.0,1.0,0.0,NAO
INSTITUTO PAZ PSICOLOGIA DE A A Z LTDA SAO VICENTE,MUNICIPAL,11320915,PRESIDENTE WILSON,1473,CENTRO,13 981409355,-239.653.596.978,-463.820.403.814,MANHA-TARDE,0.0,0.0,0.0,0.0,1.0,0.0,NAO
ESTIMULO NEURO SAO VICENTE,MUNICIPAL,11310060,FREI GASPAR,931,CENTRO,13 97332663,-239.647.837.165,-463.884.401.321,MANHA-TARDE-NOITE,0.0,0.0,0.0,0.0,0.0,0.0,NAO
MAXI EXAMES SAO VICENTE,MUNICIPAL,11310070,RUA JACOB EMERICK,365,CENTRO,1334679303,-239.682.741.161,-463.836.992.187,MANHA-TARDE,0.0,0.0,0.0,0.0,0.0,0.0,NAO
CLINICA MULTIDICIPLINAR SERSINAPSI SAO VICENTE,MUNICIPAL,11310050,R JOAO RAMALHO,825,CENTRO,1313997768353,-239.660.831.708,-463.830.925.047,MANHA-TARDE-NOITE,0.0,0.0,0.0,0.0,0.0,0.0,NAO
ACS VIDA,MUNICIPAL,11310061,FREI GASPAR,739,CENTRO,45 98385606,-239.656.072.465,-463.866.001.368,MANHA-TARDE,0.0,0.0,0.0,0.0,1.0,0.0,NAO
UNIDADE DE SAUDE DA MULHER SV,MUNICIPAL,11310400,R XV DE NOVEMBRO,176,CENTRO,13-34650900,-239.670.508.623,-463.869.273.663,MANHA-TARDE,0.0,0.0,0.0,0.0,0.0,0.0,SIM
IOFA INSTITUTO ORAL E FACIAL SV,MUNICIPAL,11310050,JOAO RAMALHO,570,CENTRO,13 96100542,-239.659.994.018,-463.831.776.381,MANHA-TARDE,0.0,0.0,0.0,0.0,1.0,0.0,NAO
ANTONIO ARNALDO ROMAO FILHO SAO VICENTE,MUNICIPAL,11310050,RUA JOAO RAMALHO,825,CENTRO,34696248,-239.658.552,-463.835.393,TARDE,0.0,0.0,0.0,0.0,0.0,0.0,NAO
FLAVIO PROENCA MARTINS DE OLIVEIRA SAO VICENTE,MUNICIPAL,11320001,AV PRESIDENTE WILSON,1033,CENTRO,34676566,-239.672.297.812,-463.785.937.428,MANHA-TARDE,0.0,0.0,0.0,0.0,0.0,0.0,NAO
COD RADIOGRAFIAS SAO VICENTE,MUNICIPAL,11310071,RUA JACOB EMMERICH,379,CENTRO,34677659,-23.967.798,-46.385.139,MANHA-TARDE-NOITE,0.0,0.0,0.0,0.0,1.0,0.0,NAO
APARECIDO MAURILO ZABINI JUNIOR,MUNICIPAL,11320915,AVENIDA PRESIDENTE WILSON,1473,CENTRO,1334674699,-239.653.870.511,-463.822.076.457,MANHA-TARDE,0.0,0.0,0.0,0.0,1.0,0.0,NAO
INSTITUTO DE REABILITACAO FISIOLIFE SAO VICENTE,MUNICIPAL,11310071,RUA JACOB EMERICH,365,CENTRO,(13) 35684987,-2.396.776,-46.385.015,MANHA-TARDE,0.0,0.0,0.0,0.0,1.0,0.0,SIM
PAJP ODONTO LTDA SAO VICENTE,MUNICIPAL,11310400,RUA QUINZE DE NOVEMBRO,576,CENTRO,1334686447,-23.963.599.334,-463.853.494.747,MANHA-TARDE-NOITE,0.0,0.0,0.0,0.0,1.0,0.0,NAO
ENEIDA RIVA FERREIRA SAO VICENTE,MUNICIPAL,11310061,RUA FREI GASPAR,637,CENTRO,34678766,,,MANHA-TARDE,0.0,0.0,0.0,0.0,1.0,0.0,NAO
CREFORM SISTEMA DE SAUDE SAO VICENTE,MUNICIPAL,11320120,RUA RANGEL PESTANA,209,CENTRO,34663360,,,MANHA-TARDE,0.0,0.0,0.0,0.0,1.0,0.0,NAO
KATYA CHRISTINA DA COSTA FERNANDES SAO VICENTE,MUNICIPAL,11390001,AV ANTONIO EMERICH,245,CENTRO,34664110,,,MANHA-TARDE-NOITE,0.0,0.0,0.0,0.0,1.0,0.0,NAO
PARTSUS SAO VICENTE,MUNICIPAL,11310061,FREI GASPAR,739,CENTRO,13 33243374,-239.655.851.877,-463.865.894.079,MANHA-TARDE,0.0,0.0,0.0,0.0,0.0,0.0,NAO
CONSULTORIO MEDICO DR LOURENCO SAO VICENTE,MUNICIPAL,11320001,AVENIDA PRESIDENTE WILSON,1473,CENTRO,34695820,,,TARDE,0.0,0.0,0.0,0.0,1.0,0.0,NAO
ARMIDA MARIA SOLA CECCHI FERNANDES SAO VICENTE,MUNICIPAL,11310040,RUA PADRE ANCHIETA,331,CENTRO,13 34683348,-239.677.351,-463.847.705,TARDE,0.0,0.0,0.0,0.0,1.0,0.0,NAO
LABORATORIO PASTEUR DE ANALISES CLINICAS I SAO VICENTE,MUNICIPAL,11310061,RUA FREI GASPAR,739,CENTRO,(13) 33243412,-23.965.618,-46.386.674,MANHA-TARDE,0.0,0.0,0.0,0.0,0.0,0.0,NAO
CESAR ALVES MALERBA SAO VICENTE,MUNICIPAL,11310500,RUA BENJAMIN CONSTANT,61,CENTRO,1335611295,-239.634.918,-463.854.069,MANHA-TARDE,0.0,0.0,0.0,0.0,1.0,0.0,NAO
MARIA ANGELICA DA SILVA ALMEIDA SAO VICENTE,MUNICIPAL,11310071,R BENJAMIN CONSTANT,61,CENTRO,1334686059,-239.633.035.316,-463.854.042.607,MANHA-TARDE,0.0,0.0,0.0,0.0,1.0,0.0,NAO
KAOLU NOGUI SAO VICENTE,MUNICIPAL,11310010,RUA MARTIM AFONSO,230,CENTRO,(13) 34684090,-23.967.526,-4.638.575,MANHA-TARDE,0.0,0.0,0.0,0.0,1.0,0.0,NAO
MARIA JOSE DE ABREU SAO VICENTE,MUNICIPAL,11310071,R JACOB EMERICH,379,CENTRO,(13) 34695164,-23.967.761,-46.385.142,MANHA-TARDE,0.0,0.0,0.0,0.0,1.0,0.0,NAO
PERUSSI CARVALHO OFTALMOLOGISTAS ASSOCIADOS LTDA SAO VIC,MUNICIPAL,11310061,RUA FREI GASPAR,637,CENTRO,1334668609,-23.966.058,-46.385.723,INTERMITENTES,0.0,0.0,0.0,0.0,1.0,0.0,NAO
CHRISTIAN MARCOS ARANA ENRIQUEZ SV,MUNICIPAL,11310400,QUINZE DE NOVEMBRO,576,CENTRO,13 96428236,-239.637.853,-463.853.854,MANHA,0.0,0.0,0.0,0.0,0.0,0.0,NAO
LOTO MD SAO VICENTE,MUNICIPAL,11310061,FREI GASPAR,931,CENTRO,11945216348,-239.489.251.098,-464.126.492.808,MANHA-TARDE,0.0,0.0,0.0,0.0,1.0,0.0,NAO
IGESP SAO VICENTE,MUNICIPAL,11310071,JACOB EMERICK,921,CENTRO,11 35884900,-239.649.757,-46.391.263,MANHA-TARDE,0.0,0.0,0.0,0.0,1.0,0.0,NAO
LUIZ CARLOS ANTUNES LOPES SAO VICENTE,MUNICIPAL,11310060,RUA FREI GASPAR,438,CENTRO,(13)30119357,,,MANHA-TARDE,0.0,0.0,0.0,0.0,1.0,0.0,NAO
ALCEVIDAS II SAO VICENTE,MUNICIPAL,11310400,QUINZE DE NOVEMBRO,576,CENTRO,11 98303892,-239.637.853,-463.853.854,MANHA-TARDE-NOITE,0.0,0.0,0.0,0.0,0.0,0.0,NAO
CA ODONTOLOGIA SAO VICENTE,MUNICIPAL,11310040,RUA PADRE ANCHIETA,306,CENTRO,(13)34666419,,,MANHA-TARDE,0.0,0.0,0.0,0.0,1.0,0.0,NAO
MCM CENTER ODONTO SAO VICENTE,MUNICIPAL,11310050,RUA JOAO RAMALHO,825,CENTRO,(13)35681853,,,MANHA-TARDE,0.0,0.0,0.0,0.0,0.0,0.0,NAO
CINTIA MARA AOKI TRONOLONI SAO VICENTE,MUNICIPAL,11310061,RUA FREI GASPAR,931,CENTRO,30249899,-239.647.003.828,-463.884.615.898,MANHA-TARDE,0.0,0.0,0.0,0.0,1.0,0.0,NAO
GASTROENDOFIT SERVICOS DE ENDOSCOPIA SAO VICENTE,MUNICIPAL,11310061,FREI GASPAR,790,CENTRO,13 81429846,-239.653.474.429,-463.864.445.686,MANHA-TARDE,0.0,0.0,0.0,0.0,1.0,0.0,NAO
M G DA SILVA NETO CLINICA SAO VICENTE,MUNICIPAL,11310050,JOAO RAMALHO,825,CENTRO,13 34683250,-239.649.111.679,-463.855.111.599,MANHA-TARDE,0.0,0.0,0.0,0.0,0.0,0.0,NAO
IMD SAO VICENTE,MUNICIPAL,11310071,RUA JACOB EMERICK,921,CENTRO,,-23.967.373,-4.638.449,MANHA,0.0,0.0,0.0,0.0,0.0,0.0,NAO
ATEF MOUBAREC SERVICOS ODONTOLOGICOS SAO VICENTE,MUNICIPAL,11310400,QUINZE DE NOVEMBRO,576,CENTRO,13 34671079,-239.638.033.168,-46.385.242.939,MANHA-TARDE,0.0,0.0,0.0,0.0,1.0,0.0,NAO
WO ODONTOLOGIA SAO VICENTE,MUNICIPAL,11310400,QUINZE DE NOVEMBRO,576,CENTRO,13 96576785,-239.637.853,-463.853.854,MANHA-TARDE,0.0,0.0,0.0,0.0,0.0,0.0,NAO
MACRINO DA SILVA FILHO SAO VICENTE,MUNICIPAL,11310510,RUA JOAO RAMALHO,825,CENTRO,34673883,,,MANHA-TARDE,0.0,0.0,0.0,0.0,1.0,0.0,NAO
ALMAI INSTITUTO DE NEURODESENVOLVIMENTO INFANTIL SV,MUNICIPAL,11310290,RUA SANTA CRUZ,134,CENTRO,1332234711,-239.681.181,-463.901.502,MANHA-TARDE,0.0,0.0,0.0,0.0,0.0,0.0,NAO
RENATO VANZELLA VICENTE SAO VICENTE,MUNICIPAL,11320070,BENEDITO CALIXTO,182,CENTRO,13 33563350,-239.674.743,-463.761.485,MANHA-TARDE,0.0,0.0,0.0,0.0,0.0,0.0,NAO
EVOLUIR CLINICA NEURO DESENVOLVIMENTO SV,MUNICIPAL,11310050,JOAO RAMALHO,803,CENTRO,13 74090233,-239.662.224.396,-463.830.059.767,MANHA-TARDE,0.0,0.0,0.0,0.0,0.0,0.0,NAO
LETICIA ALMEIDA TARRACO MARQUES SV,MUNICIPAL,11310050,JOAO RAMALHO,825,CENTRO,13 03333333,-239.661.856.751,-463.832.312.822,MANHA-TARDE,0.0,0.0,0.0,0.0,1.0,0.0,NAO
SER E CRESCER SAO VICENTE,MUNICIPAL,11310400,QUINZE DE NOVEMBRO,576,CENTRO,13 88554118,-239.638.278.269,-463.853.985.071,MANHA-TARDE-NOITE,0.0,0.0,0.0,0.0,0.0,0.0,NAO
POLICLINICA IPIRANGA,MUNICIPAL,11310420,RUA IPIRANGA,36,CENTRO,34689912,-2.396.722,-46.388.319,MANHA-TARDE,0.0,0.0,0.0,0.0,1.0,0.0,NAO
COMPLEXO REGULADOR SAO VICENTE,MUNICIPAL,11310010,RUA PADRE ANCHIETA,462,CENTRO,,-239.664.797.904,-463.838.642.836,MANHA-TARDE,,,,,0.0,0.0,SIM
UNIDADE MOVEL ODONTOLOGICA SAO VICENTE,MUNICIPAL,11310040,RUA PADRE ANCHIETA,462,CENTRO,,-23.966.379,-46.383.744,MANHA-TARDE,0.0,0.0,0.0,0.0,1.0,0.0,NAO
LUCYMARA SALVIA,MUNICIPAL,11310000,AV PRESIDENTE WILSON,1473,CENTRO,13997817003,-239.654.111.684,-463.819.867.373,MANHA-TARDE,0.0,0.0,0.0,0.0,1.0,0.0,NAO
TOMOSANTOS,MUNICIPAL,11310300,PRACA BERNARDINO DE CAMPOS,339,CENTRO,35692108,-23.967.714,-46.388.435,MANHA-TARDE,0.0,0.0,0.0,0.0,0.0,0.0,SIM
TORTIA ODONTOLOGIA,MUNICIPAL,11310071,RUA JACOB EMMERICK,365,CENTRO,30227453,,,MANHA-TARDE,0.0,0.0,0.0,0.0,1.0,0.0,NAO
CATARINA RAMOS MARTINS SAO VICENTE,MUNICIPAL,11310000,PRACA BARAO DO RIO BRANCO,94,CENTRO,34671130,-23.966.827,-46.385.822,MANHA-TARDE,0.0,0.0,0.0,0.0,0.0,0.0,NAO
WILSON CESAR BUENO,MUNICIPAL,11310450,RUA SOROCABANA,93,CENTRO,34665680,,,TARDE,0.0,0.0,0.0,0.0,1.0,0.0,NAO
BRUNO FROES LIMA LAFRAIA SAO VICENTE,MUNICIPAL,11310050,RUA JOAO RAMALHO,574,CENTRO,(13) 30226471,,,MANHA-TARDE-NOITE,0.0,0.0,0.0,0.0,0.0,0.0,NAO
CARINA MARTINS CARNEIRO FRANCISCO SAO VICENTE,MUNICIPAL,11310061,RUA FREI GASPAR,637,CENTRO,(13) 30223602,,,MANHA-TARDE,0.0,0.0,0.0,0.0,0.0,0.0,NAO
RAIA DROGASIL FILIAL 181 SV,MUNICIPAL,11310060,FREI GASPAR,504,CENTRO,,-239.665.533.191,-463.842.988.014,MANHA-TARDE-NOITE,0.0,0.0,0.0,0.0,0.0,0.0,NAO
RAIA DROGASIL LOJA 0017 SV,MUNICIPAL,11310061,FREI GASPAR,686,CENTRO,11 37695731,-239.658.082.262,-463.857.793.808,MANHA-TARDE-NOITE,0.0,0.0,0.0,0.0,0.0,0.0,NAO
NILTON LUIZ BRANCO,MUNICIPAL,11310061,RUA FREI GASPAR,773,CENTRO,34685394,-23.965.517,-46.386.816,MANHA-TARDE,0.0,0.0,0.0,0.0,1.0,0.0,NAO
IACS XV DE NOVEMBRO SAO VICENTE,MUNICIPAL,11310400,QUINZE DE NOVEMBRO,313,CENTRO,3136298042,-239.657.578.147,-463.866.088.453,MANHA-TARDE,0.0,0.0,0.0,0.0,1.0,0.0,NAO
RICARDO DE SALLES JUNQUEIRA,MUNICIPAL,11310060,RUA FREI GASPAR,548,CENTRO,34697557,-23.966.405,-46.384.628,MANHA-TARDE,0.0,0.0,0.0,0.0,0.0,0.0,NAO
CLINIMATER SAO VICENTE,MUNICIPAL,11310421,RUA IPIRANGA,339,CENTRO,(13) 22027373,,,MANHA-TARDE,0.0,0.0,0.0,0.0,1.0,0.0,NAO
CONSULTORIO ODONTOLOGICO CRISTIANE ROSA DOS SANTOS S VIC,MUNICIPAL,11310071,RUA JACOB EMMERICH,379,CENTRO,(13) 30270327,-23.967.599,-46.385.106,MANHA-TARDE,0.0,0.0,0.0,0.0,1.0,0.0,NAO
CONSULTORIO DE PSICOLOGIA VANDA DO CARMO L DIAS S VICENTE,MUNICIPAL,11310400,RUA IPIRANGA,345,CENTRO,(13) 34667265,,,MANHA-TARDE-NOITE,0.0,0.0,0.0,0.0,0.0,0.0,NAO
CLINICA DE VACINACAO IMUNITI LTDA,MUNICIPAL,11320001,AV PRESIDENTE WILSON,1473,CENTRO,1334694909,,,MANHA-TARDE,0.0,0.0,0.0,0.0,0.0,0.0,NAO
LABORATORIO DE ANALISES CLINICAS CELLULA MATER SAO VICENTE,MUNICIPAL,11310441,RUA VISCONDE DE TAMANDARE,499,CENTRO,(13) 32252586,-23.965.033,-46.390.267,MANHA-TARDE,0.0,0.0,0.0,0.0,0.0,0.0,SIM
MP FISIOTERAPIA SAO VICENTE,MUNICIPAL,11310060,RUA FREI GASPAR,739,CENTRO,33299495,-23.965.542,-46.386.695,MANHA-TARDE-NOITE,0.0,0.0,0.0,0.0,1.0,0.0,SIM
MARIA CONCEICAO PEREZ DOMINGUES SAO VICENTE,MUNICIPAL,11310071,RUA JACOB EMMERICK,379,CENTRO,(13) 34673278,,,MANHA-TARDE,0.0,0.0,0.0,0.0,0.0,0.0,NAO
CONSULTORIO ODONTOLOGICO DRA VIRGINIA AZEVEDO SAO VICENTE,MUNICIPAL,11310061,RUA FREI GASPAR,739,CENTRO,(13) 34685554,-239.656.072.465,-463.865.464.926,MANHA-TARDE,0.0,0.0,0.0,0.0,1.0,0.0,NAO
DAY CENTER CIRURGIAS SAO VICENTE,MUNICIPAL,11320000,AV PRESIDENTE WILSON,1136,CENTRO,(13) 34687777,,,MANHA-TARDE-NOITE,0.0,0.0,0.0,0.0,1.0,0.0,NAO
NASO NUCLEO DE ASSISTENCIA A SAUDE ODONTOLOGICA SV,MUNICIPAL,11380080,PRACA BARAO DO RIO BRANCO,187,CENTRO,(13) 35688888,,,MANHA-TARDE,0.0,0.0,0.0,0.0,1.0,0.0,NAO
CAIXA DE SAUDE E PECULIO DOS SERVIDORES MUN DE SAO VICENTE,MUNICIPAL,11310060,R FREI GASPAR,157,CENTRO,(13)35695357,-23.968.154,-46.381.716,MANHA-TARDE,0.0,0.0,0.0,0.0,1.0,0.0,NAO
FISIOTERAPIA INTEGRADA SAO VICENTE,MUNICIPAL,11310061,RUA FREI GASPAR,739,CENTRO,(13) 81124232,,,MANHA-TARDE,0.0,0.0,0.0,0.0,1.0,0.0,NAO
CONSULTORIO DE PSICOLOGIA DRA EMANOELE ALMEIDA MOURA,MUNICIPAL,11310040,RUA PADRE ANCHIETA,331,CENTRO,(13)30224216,,,MANHA-TARDE-NOITE,0.0,0.0,0.0,0.0,1.0,0.0,NAO
AMBULATORIO ANA COSTA DE SAO VICENTE,MUNICIPAL,11320000,AV PRESIDENTE WILSON,772,CENTRO,(13) 32029298,-239.686.624,-46.375.718,MANHA-TARDE,0.0,0.0,0.0,0.0,1.0,0.0,NAO
CEO III INSULAR SAO VICENTE,MUNICIPAL,11320010,AV QUINTINO BOCAIUVA,1261,CENTRO,1335693513,-23.963.555,-46.381.297,MANHA-TARDE,0.0,0.0,0.0,0.0,1.0,0.0,SIM
EDUARDO CONDE DA SILVA SAO VICENTE,MUNICIPAL,11310061,RUA FREI GASPAR,739,CENTRO,(13) 34677640,-23.965.571,-46.386.685,TARDE,0.0,0.0,0.0,0.0,1.0,0.0,NAO
INST DE OFTALMOLOGIA DA B SANTISTA IOBS S VICENTE,MUNICIPAL,11310050,RUA JOAO RAMALHO,825,CENTRO,,,,MANHA-TARDE,0.0,0.0,0.0,0.0,1.0,0.0,NAO
CATH CENTRO DE ATEND A TUBERCULOSE E HANSENIASE SV,MUNICIPAL,11320070,RUA BENEDITO CALIXTO,275,CENTRO,(13) 34682870,-23.966.759.175,-463.759.659.601,MANHA-TARDE,0.0,0.0,0.0,0.0,1.0,0.0,NAO
SUCEN SERVICO REGIONAL 02 SAO VICENTE,ESTADUAL,11310050,RUA JOAO RAMALHO,587,CENTRO,(13) 3468-8894,-23.963,-46.392,MANHA-TARDE,,,,,0.0,0.0,NAO
OSWALDO GUAPO SAO VICENTE,MUNICIPAL,11310400,RUA QUINZE DE NOVEMBRO,260,CENTRO,(13) 34681770,-23.966.443,-46.386.535,MANHA-TARDE,0.0,0.0,0.0,0.0,1.0,0.0,NAO
HOSPITAL E MATERNIDADE MUNICIPAL DE SAO VICENTE,MUNICIPAL,11310420,RUA IPIRANGA,370,CENTRO,34692166,-23.964.159,-46.387.139,24H,1.0,1.0,1.0,1.0,1.0,1.0,SIM
CLINICA TOTAL SAUDE SAO VICENTE,MUNICIPAL,11310440,RUA VISCONDE TAMANDARE,481,CENTRO,(13) 34679862,,,MANHA-TARDE,0.0,0.0,0.0,0.0,1.0,0.0,NAO
VISION CID LASER CLINICA DE OLHOS SAO VICENTE,MUNICIPAL,11310071,RUA JACOB EMERICK,379,CENTRO,34667791,-239.677.248.709,-463.850.712.776,MANHA-TARDE,0.0,0.0,0.0,0.0,0.0,0.0,NAO
CLINICA LAGON SAO VICENTE,MUNICIPAL,11340040,RUA PADRE ANCHIETA,331,CENTRO,(13) 33268275,,,MANHA-TARDE,0.0,0.0,0.0,0.0,0.0,0.0,NAO
CLINICA BRASIMED SAO VICENTE,MUNICIPAL,11310000,PRACA BARAO DO RIO BRANCO,54,CENTRO,13 33847740,,,MANHA-TARDE,0.0,0.0,0.0,0.0,0.0,0.0,NAO
BRENO NAPPI VENTURA SAO VICENTE,MUNICIPAL,11310050,RUA JOAO RAMALHO,839,CENTRO,13 34688007,-239.648.621.481,-463.855.057.955,MANHA-TARDE,0.0,0.0,0.0,0.0,1.0,0.0,NAO
ANGIOCORPORE SAO VICENTE,MUNICIPAL,11310935,FREI GASPAR,365,CENTRO,13 32282700,-23.967.127,-46.383.625,MANHA-TARDE,0.0,0.0,0.0,0.0,0.0,0.0,NAO
LABORATORIO ESPECIALIZADO DE DSTHIV SAO VICENTE,MUNICIPAL,11310421,RUA IPIRANGA,353,CENTRO,13 35695930,-23.964.216,-46.387.245,MANHA-TARDE,0.0,0.0,0.0,0.0,0.0,0.0,NAO
RITA DE CASSIA DE SOUZA SA SAO VICENTE,MUNICIPAL,11320010,AVENIDA PRESIDENTE WILSON,1473,CENTRO,13 30138187,-23.965.328,-46.382.261,MANHA-TARDE-NOITE,0.0,0.0,0.0,0.0,1.0,0.0,NAO
CLINICA RADIOLOGICA DO GUARUJA SAO VICENTE,MUNICIPAL,11310420,RUA IPIRANGA,345,CENTRO,13 34692119,-239.645.291.547,-463.873.646.459,MANHA-TARDE,0.0,0.0,0.0,0.0,1.0,0.0,NAO
UP CENTRO AUDITIVO SAO VICENTE,MUNICIPAL,11310050,RUA JOAO RAMALHO,803,CENTRO,34666404,-239.651.807.763,-463.853.555.918,MANHA-TARDE,0.0,0.0,0.0,0.0,1.0,0.0,NAO
ANA MARIA ALVES RIBEIRO,MUNICIPAL,11310040,RUA PADRE ANCHIETA,331,CENTRO,13 30143176,,,MANHA-TARDE,0.0,0.0,0.0,0.0,1.0,0.0,NAO
TRASMONTANO SAO VICENTE,MUNICIPAL,11310071,RUA JACOB EMMERICH,921,CENTRO,,-23.966,-46.386,MANHA-TARDE,0.0,0.0,0.0,0.0,1.0,0.0,NAO
CLINICA DE ESTETICA BOA FORMA,MUNICIPAL,11310050,RUA JOAO RAMALHO,803,CENTRO,33297545,-239.650.092.074,-463.853.234.053,MANHA-TARDE,0.0,0.0,0.0,0.0,1.0,0.0,NAO
CLINICA TOTAL SAUDE SAO VICENTE,MUNICIPAL,11310440,RUA VISCONDE DE TAMANDARE,481,CENTRO,3278-5908,-239.665.203,-463.900.932,MANHA-TARDE,0.0,0.0,0.0,0.0,0.0,0.0,NAO
RENASCER SERVICOS MEDICOS LTDA SAO VICENTE,MUNICIPAL,11310290,R SANTA CRUZ,134,CENTRO,34662175,-23.965.664,-46.376.794,MANHA-TARDE,0.0,0.0,0.0,0.0,1.0,0.0,NAO
SORRIDENTS CLINICAS ODONTOLOGICAS SAO VICENTE,MUNICIPAL,11310400,RUA XV DE NOVEMBRO,81,CENTRO,34663058,-23.967.884,-46.387.433,MANHA-TARDE-NOITE,0.0,0.0,0.0,0.0,1.0,0.0,NAO
ODONTOCOMPANY SAO VICENTE,MUNICIPAL,11310050,RUA JOAO RAMALHO,560,CENTRO,,-2.396.593,-46.383.041,MANHA-TARDE,0.0,0.0,0.0,0.0,1.0,0.0,NAO
DENTISTE ODONTOLOGIA SAO VICENTE,MUNICIPAL,11320060,AMADOR BUENO DA RIBEIRA,64,CENTRO,13 33953521,-23.968.181,-46.377.871,MANHA-TARDE,0.0,0.0,0.0,0.0,1.0,0.0,NAO
FARMA CONDE FILIAL 462 SV,MUNICIPAL,11310040,PADRE ANCHIETA,454,CENTRO,12 39324721,-239.663.474.386,-463.837.972.283,MANHA-TARDE-NOITE,,,,,1.0,0.0,NAO
CLINICA DE OLHOS EDUARDO PAULINO SAO VICENTE,MUNICIPAL,11310061,FREI GASPAR,790,CENTRO,13 32217260,-239.652.248.939,-463.869.863.749,MANHA-TARDE,0.0,0.0,0.0,0.0,1.0,0.0,NAO
DROGASIL DS0775 SV,MUNICIPAL,11320000,PRESIDENTE WILSON,962,CENTRO,11 37695731,-239.673.180.152,-463.775.986.433,MANHA-TARDE-NOITE,0.0,0.0,0.0,0.0,0.0,0.0,NAO
DROGARAIA LJ0163 SV,MUNICIPAL,11310913,PRESIDENTE WILSON,256,CENTRO,11 37695731,-239.702.027.574,-463.715.995.188,MANHA-TARDE-NOITE,0.0,0.0,0.0,0.0,0.0,0.0,NAO
DALSON NERY CAIVANO SAO VICENTE,MUNICIPAL,11310061,RUA FREI GASPAR,637,CENTRO,34684519,-23.966.127,-4.638.568,MANHA-TARDE,0.0,0.0,0.0,0.0,1.0,0.0,NAO
CLINICA MEDICA IPIRANGA SAO VICENTE,MUNICIPAL,11320120,RANGEL PESTANA,209,CENTRO,13 34664255,-239.711.092,-463.734.039,MANHA-TARDE,0.0,0.0,0.0,0.0,1.0,0.0,NAO
PRO SAUDE VACINAS E APLICACOES,MUNICIPAL,11320001,AVENIDA PRESIDENTE WILSON,1473,CENTRO,1334661378,-239.655.778.348,-463.821.154.833,MANHA-TARDE,0.0,0.0,0.0,0.0,1.0,0.0,NAO
JOAO FERNANDO CESAR GONCALVES DO NASCIMENTO SAO VICENTE,MUNICIPAL,11310040,RUA PADRE ANCHIETA,64,CENTRO,34742109,,,MANHA-TARDE,0.0,0.0,0.0,0.0,1.0,0.0,NAO
BIO LABORATORIO DE ANALISES CLINICAS DE SANTOS SAO VICENTE,MUNICIPAL,11320001,AV PRESIDENTE WILSON,1473,CENTRO,32518080,-239.652.649.409,-4.638.214.155,MANHA-TARDE,0.0,0.0,0.0,0.0,1.0,0.0,NAO
R R M PSICOLOGIA LTDA ME SAO VICENTE,MUNICIPAL,11310050,JOAO RAMALHO,803,CENTRO,13 34663823,-2.396.503,-46.385.326,MANHA-TARDE,0.0,0.0,0.0,0.0,1.0,0.0,NAO
CLINICA DE IMAGEM SAO VICENTE SAO VICENTE,MUNICIPAL,11310421,IPIRANGA,339,CENTRO,13 34692226,-239.651.806,-463.874.348,MANHA-TARDE,0.0,0.0,0.0,0.0,0.0,0.0,NAO
CLINICA CDAD JCC,MUNICIPAL,11310902,FREI GASPAR,790,CENTRO,13 32192524,-239.653.523.449,-463.863.533.735,MANHA-TARDE,0.0,0.0,0.0,0.0,1.0,0.0,NAO
INSTITUTO INCLUSAO BRASIL SAO VICENTE,MUNICIPAL,11310070,RUA JACOB EMERICK,365,CENTRO,1334663504,-2.396.776,-46.385.015,MANHA-TARDE-NOITE,0.0,0.0,0.0,0.0,1.0,0.0,NAO
INSTITUTO DE LASERTERAPIA MED LASER LTDA SAO VICENTE,MUNICIPAL,11310060,RUA FREI GASPAR,147,CENTRO,1335694242,-2.396.822,-46.381.569,MANHA-TARDE,0.0,0.0,0.0,0.0,1.0,0.0,SIM
MARJORY ALFARO NASCIMENTO SAO VICENTE,MUNICIPAL,11310200,AV CAPITAO MOR AGUIAR,210,CENTRO,1330347605,-239.690.724,-463.917.071,MANHA-TARDE,0.0,0.0,0.0,0.0,1.0,0.0,NAO
LA LUMIERE PSICOLOGIA SAO VICENTE,MUNICIPAL,11310071,RUA JACOB EMERICK,365,CENTRO,13 997161690,-239.650.115,-463.915.472,MANHA-TARDE,0.0,0.0,0.0,0.0,1.0,0.0,NAO
PSICOLORINDO CLINICA DE PSICOLOGIA SAO VICENTE,MUNICIPAL,11310400,RUA QUINZE DE NOVEMBRO,576,CENTRO,1330130049,-23.963.704,-46.385.425,MANHA-TARDE-NOITE,0.0,0.0,0.0,0.0,1.0,0.0,NAO
DR EXAMINA SAO VICENTE,MUNICIPAL,11320020,RUA TIBIRICA,160,CENTRO,13 33047976,-239.673.762,-463.830.968,MANHA-TARDE,0.0,0.0,0.0,0.0,1.0,0.0,NAO
LABORATORIO DR LEAO DE MOURA SAO VICENTE,MUNICIPAL,11310421,IPIRANGA,321,CENTRO,13 32221768,-23.964.812,-46.387.413,MANHA-TARDE,0.0,0.0,0.0,0.0,1.0,0.0,NAO
LABORATORIO SANTA CLARA SAO VICENTE,MUNICIPAL,11310040,PADRE ANCHIETA,224,CENTRO,13 32785908,-23.968.164,-46.384.882,MANHA-TARDE,0.0,0.0,0.0,0.0,0.0,0.0,NAO
MEDSEG SAO VICENTE,MUNICIPAL,11310070,RUA JACOB EMERICK,1074,CENTRO,1330431041,-23.964.798,-46.390.923,MANHA-TARDE,0.0,0.0,0.0,0.0,1.0,0.0,NAO
JULIANA CRUZ FERNANDES SAO VICENTE,MUNICIPAL,11310061,RUA FREI GASPAR,637,CENTRO,13996188414,-23.966.058,-4.638.569,TARDE,0.0,0.0,0.0,0.0,1.0,0.0,NAO
MARIA LUISA SAMPERE SERNA CRUZ SAO VICENTE,MUNICIPAL,11320915,AV PRESIDENTE WILSON,1473,CENTRO,(13)34691989,-23.965.412,-4.638.224,MANHA-TARDE,0.0,0.0,0.0,0.0,1.0,0.0,NAO
I T CAVALCANTE CLINICA SAO VICENTE,MUNICIPAL,11310421,RUA IPIRANGA,345,CENTRO,1340421570,-239.645.974.411,-463.874.745.369,MANHA-TARDE,0.0,0.0,0.0,0.0,1.0,0.0,NAO
CLINICA FARES SAO VICENTE,MUNICIPAL,11310040,R QUINZE DE NOVEMBRO,176,CENTRO,1139863503,-239.631.703,-463.852.566,MANHA-TARDE,0.0,0.0,0.0,0.0,1.0,0.0,NAO
CONSULTORIO DE PSICOLOGIA VITALITE SAUDE SAO VICENTE,MUNICIPAL,11310060,RUA FREI GASPAR,637,CENTRO,13991056373,-239.497.554,-464.118.183,MANHA-TARDE,0.0,0.0,0.0,0.0,0.0,0.0,NAO
CLINICA IPIRANGA LTDA SAO VICENTE,MUNICIPAL,11320110,RUA GONCALO MONTEIRO,154,CENTRO,1334689912,-239.687,-463.730.926,MANHA-TARDE,0.0,0.0,0.0,0.0,1.0,0.0,NAO
MARIA BEATRIZ ESTOGIO SILVA SAO VICENTE,MUNICIPAL,11310071,RUA JACOB EMERICK,365,CENTRO,13996256002,-239.650.115,-463.915.472,MANHA-TARDE-NOITE,0.0,0.0,0.0,0.0,0.0,0.0,NAO
E T S FISIOTERAPIA SAO VICENTE,MUNICIPAL,11310061,RUA FREI GASPAR,739,CENTRO,1334612270,-23.965.628,-46.386.671,MANHA-TARDE-NOITE,0.0,0.0,0.0,0.0,1.0,0.0,NAO
DOMINIO IMAGEM SAO VICENTE,MUNICIPAL,11310040,RUA PADRE ANCHIETA,224,CENTRO,1334714143,-23.968.142,-46.384.879,MANHA-TARDE,0.0,0.0,0.0,0.0,1.0,0.0,NAO
CSS EXAMES PSICOTECNICOS SAO VICENTE,MUNICIPAL,11310400,RUA QUINZE DE NOVEMBRO,576,CENTRO,13988100626,-23.963.728,-46.385.414,MANHA-TARDE,0.0,0.0,0.0,0.0,1.0,0.0,NAO
DANIELA MARIA BUENO DE VARGAS SAO VICENTE,MUNICIPAL,11310400,RUA QUINZE DE NOVEMBRO,576,CENTRO,1334665401,-23.963.706,-46.385.435,TARDE,0.0,0.0,0.0,0.0,1.0,0.0,NAO
SAMU 192 SAO VICENTE 8,MUNICIPAL,11355230,PRACA IMIGRACAO JAPONESA,S/N,CIDADE NAUTICA,1334637876,-23.950.627,-46.406.641,24H,,,,,0.0,0.0,NAO
UNIDADE BASICA DE SAUDE TANCREDO NEVES SAO VICENTE,MUNICIPAL,11350560,RUA LUIZ MEIRELES DE ARAUJO,160,CIDADE NAUTICA,(13)34641262,-239.416.158.403,-464.190.812.685,MANHA-TARDE,0.0,0.0,0.0,0.0,1.0,0.0,SIM
PRONTO ATENDIMENTO CIDADE NAUTICA SAO VICENTE,MUNICIPAL,11310000,PRACA IMIGRACAO JAPONESA,S/N,CIDADE NAUTICA,(13)34642700,,,24H,0.0,0.0,0.0,0.0,1.0,0.0,NAO
UNIDADE BASICA DE SAUDE NAUTICA III SAO VICENTE,MUNICIPAL,11340380,RUA NICOLAU PATRICIO MOREIRA,225,CIDADE NAUTICA,1334638266,-239.543.155,-464.158.961,MANHA-TARDE,0.0,0.0,0.0,0.0,1.0,0.0,SIM
SAMU 192 SAO VICENTE 1,MUNICIPAL,11355230,PRACA IMIGRACAO JAPONESA,S/N,CIDADE NAUTICA,1334637876,-23.950.617,-46.406.652,24H,,,,,0.0,0.0,NAO
SAMU 192 SAO VICENTE 3,MUNICIPAL,11355230,PRACA IMIGRACAO JAPONESA,S/N,CIDADE NAUTICA,1334637876,-23.950.607,-46.406.641,24H,,,,,0.0,0.0,NAO
SAMU 192 SAO VICENTE 4,MUNICIPAL,11355230,PRACA IMIGRACAO JAPONESA,S/N,CIDADE NAUTICA,1334637876,,,24H,,,,,0.0,0.0,NAO
SAMU 192 SAO VICENTE 6,MUNICIPAL,11355230,PRACA IMIGRACAO JAPONESA,S/N,CIDADE NAUTICA,,-23.951.077,-464.063.359,24H,,,,,0.0,0.0,NAO
SEST SENAT UNIDADE B N51 SV,MUNICIPAL,11340265,ADALBERTO PANZAN,151,CIDADE NAUTICA III,61 33157000,-239.519.031.209,-464.163.431.525,MANHA-TARDE-NOITE,0.0,0.0,0.0,0.0,1.0,0.0,NAO
HOSPITAL DR OLAVO HORNEAUX DE MOURA SAO VICENTE,MUNICIPAL,11349000,RUA ALFREDO SCHAMMAS,S/N,CJTO HUMAITA,1334061822,-23.949.914,-4.645.965,24H,0.0,0.0,0.0,0.0,1.0,1.0,SIM
DROGAFARMA HUMAITA SV,MUNICIPAL,11349390,HATCHIC ARMENIO CAICHJIAN,232,CONJUNTO RESIDENCIAL,13 30224716,-239.495.106.936,-464.594.623.446,MANHA-TARDE,0.0,0.0,0.0,0.0,1.0,0.0,NAO
SORRIDENTS CLINICAS ODONTOLOGICAS SV,MUNICIPAL,11340100,SENADOR CESARIO BASTOS,225,ESPLANADA DOS BARREI,18 98266150,-239.577.712.435,-464.019.584.656,MANHA-TARDE,0.0,0.0,0.0,0.0,0.0,0.0,NAO
ESF ESPLANADA DOS BARREIROS SAO VICENTE,MUNICIPAL,11330750,AV BRASIL,S/N,ESPLANADA DOS BARREI,1334641257,-239.653.309,-464.134.111,MANHA-TARDE,0.0,0.0,0.0,0.0,1.0,0.0,SIM
POSTO DE ENFERMAGEM DO GONZAGUINHA SAO VICENTE,MUNICIPAL,11320440,AV EMBAIXADOR PEDRO DE TOLEDO,S/N,GONZAGUINHA,1334663605,-23.970.567,-46.383.927,MANHA-TARDE,0.0,0.0,0.0,0.0,1.0,0.0,NAO
ORLANDO FERREIRA DA COSTA SAO VICENTE,MUNICIPAL,11320060,AMADOR BUENO DA RIBEIRA,64,GONZAGUINHA,(13)34681270,,,MANHA-TARDE,0.0,0.0,0.0,0.0,1.0,0.0,NAO
BEAUTY GRAF CENTER SAO VICENTE,MUNICIPAL,11320110,GONCALO MONTEIRO,189,GONZAGUINHA,(13)34697846,,,MANHA-TARDE,0.0,0.0,0.0,0.0,1.0,0.0,NAO
BIOMEGA MEDICINA DIAGNOSTICA SAO VICENTE,MUNICIPAL,11310060,FREI GASPAR,147,GONZAGUINHA,11 41345544,-239.682.493.697,-463.809.889.555,MANHA-TARDE,0.0,0.0,0.0,0.0,0.0,0.0,NAO
IMUVI INSTITUTO DE MEDICINA HUMANAE VITAE SV,MUNICIPAL,11320040,DOUTOR AMERICO BRASILIENSE,307,GONZAGUINHA,11 35316666,-239.655.729.328,-463.793.367.147,MANHA-TARDE-NOITE,0.0,0.0,0.0,0.0,1.0,0.0,NAO
ESF HUMAITA SAO VICENTE,MUNICIPAL,11349370,RUA ALFREDO NEVES,319,HUMAITA,1334062870,-239.502.162.049,-464.600.137.152,MANHA-TARDE,0.0,0.0,0.0,0.0,1.0,0.0,SIM
CAD CENTRO APOIO E DIAGNOSTICO SAO VICENTE,MUNICIPAL,11349000,RUA JOSE SINGER,S/N,HUMAITA,(13)34061142,-23.948.823,-46.461.355,MANHA-TARDE,,,,,0.0,0.0,SIM
PRONTO ATENDIMENTO HUMAITA SAO VICENTE,MUNICIPAL,11349000,RUA JOSE SINGER,S/N,HUMAITA,(13)35658700,-23.949.644,-46.459.475,24H,0.0,0.0,0.0,0.0,1.0,0.0,SIM
GLAUCIRA PECE VENTURA SAO VICENTE,MUNICIPAL,11349000,DR JOSE SINGER,387,HUMAITA,(13)35642269,,,TARDE,0.0,0.0,0.0,0.0,1.0,0.0,NAO
ACADEMIA DA SAUDE HUMAITA,MUNICIPAL,11349190,PRACA SEBASTIAO AUGUSTO DA SILVA,S/N,HUMAITA,35695714,-23.952.639,-46.454.035,MANHA-TARDE,,,,,1.0,0.0,NAO
RONNY TRAVASSOS AZURZA,MUNICIPAL,11320230,R JOAO JOSE FLORINDO DA SILVA,27,ITARARE,,-23.967.373,-4.638.449,MANHA-TARDE,0.0,0.0,0.0,0.0,0.0,0.0,NAO
I U G C SAO VICENTE,MUNICIPAL,11320001,AV PRESIDENTE WILSON,1033,ITARARE,(13)34676566,-239.673.041.334,-463.785.933.187,MANHA-TARDE,0.0,0.0,0.0,0.0,1.0,0.0,NAO
CLINICA DE OLHOS CARVALHO SAO VICENTE,MUNICIPAL,11320001,AVENIDA PRESIDENTE WILSON,1473,ITARARE,(13)34671224,-239.653.201.472,-463.821.879.322,MANHA-TARDE,0.0,0.0,0.0,0.0,1.0,0.0,NAO
CARLOS SARKISSIAN SOBRINHO SAO VICENTE,MUNICIPAL,11310090,AVENIDA PRESIDENTE WILSON,1081,ITARARE,(13)34685661,-239.670.756.294,-463.789.219.747,MANHA-TARDE,0.0,0.0,0.0,0.0,1.0,0.0,NAO
ROSANGELA SOARES MOREIRA SAO VICENTE,MUNICIPAL,11310100,AV PRESIDENTE WILSON,89,ITARARE,(13)34673808,-23.971.713,-46.370.463,MANHA-TARDE,0.0,0.0,0.0,0.0,1.0,0.0,NAO
CLINICA MEDICA GADDINI LTDA SAO VICENTE,MUNICIPAL,11310100,AV PRESIDENTE WILSON,1033,ITARARE,(13)34676566,-239.673.335.447,-463.785.504.035,MANHA-TARDE,0.0,0.0,0.0,0.0,1.0,0.0,NAO
ECELD MEDICINA E SAUDE LTDA SAO VICENTE,MUNICIPAL,11320001,AV PRESIDENTE WILSON,1033,ITARARE,(13)34676566,-23.967.385,-46.378.557,MANHA-TARDE,0.0,0.0,0.0,0.0,1.0,0.0,NAO
AMOR SAUDE CLINICA ODONTOLOGICA SAO VICENTE,MUNICIPAL,11320130,MESSIA ASSU,443,ITARARE,31 97813987,-239.707.312,-463.715.383,MANHA-TARDE,0.0,0.0,0.0,0.0,0.0,0.0,NAO
DROGARAIA LJ0640 SV,MUNICIPAL,11320001,PRESIDENTE WILSON,1169,ITARARE,13996160085,-239.668.033.164,-463.796.639.442,MANHA-TARDE-NOITE,,,,,1.0,0.0,NAO
CLINICA PELLEGRINI SAO VICENTE,MUNICIPAL,11320080,FREITAS GUIMARAES,445,ITARARE,13 96712135,-239.688.424.919,-463.730.174.303,MANHA-TARDE-NOITE,0.0,0.0,0.0,0.0,1.0,0.0,NAO
VANIA LUCIA NOGUEIRA MENDES TAGLIARINI SAO VICENTE,MUNICIPAL,11320001,AV PRESIDENTE WILSON,1473,ITARARE,(13) 34696965,-2.396.543,-46.382.232,MANHA-TARDE,0.0,0.0,0.0,0.0,1.0,0.0,NAO
CLINICA MICHELLA CHAYAMITI SAO VICENTE,MUNICIPAL,11320001,AVENIDA PRESIDENTE WILSON,1033,ITARARE,81165181,,,MANHA-TARDE,0.0,0.0,0.0,0.0,1.0,0.0,NAO
POSTO DE ENFERMAGEM DO ITARARE SAO VICENTE,MUNICIPAL,11321000,AV AYRTON SENNA DA SILVA,S/N,ITARARE,1334676649,-23.972.133,-46.368.856,MANHA,0.0,0.0,0.0,0.0,0.0,0.0,NAO
FUNDACAO PLURAL SAO VICENTE,MUNICIPAL,11320001,AV PRES WILSON,1033,ITARARE,34663692,,,MANHA-TARDE,0.0,0.0,0.0,0.0,1.0,0.0,NAO
ASSOCIACAO PLURAL SAO VICENTE,MUNICIPAL,11320001,AV PRES WILSON,1033,ITARARE,34663692,,,MANHA-TARDE,0.0,0.0,0.0,0.0,1.0,0.0,NAO
NOTRE DAME INTERMEDICA SAUDE AMBULATORIO SAO VICENTE,MUNICIPAL,11320001,AV PRESIDENTE WILSON,199,ITARARE,1335693200,-239.688.179.828,-463.756.942.749,MANHA-TARDE,0.0,0.0,0.0,0.0,1.0,0.0,NAO
OFTALMOCENTER SAO VICENTE,MUNICIPAL,11320160,R ONZE DE JUNHO,96,ITARARE,1338780333,,,MANHA-TARDE,0.0,0.0,0.0,0.0,0.0,0.0,NAO
SAMU 192 SAO VICENTE 5,MUNICIPAL,11321000,AVENIDA AYRTON SENNA,S/N,ITARARE,34631915,-23.972.157,-46.368.835,24H,,,,,0.0,0.0,NAO
DERMA REUMA CLINICA ESPECIALIZADA LTDA SAO VICENTE,MUNICIPAL,11320910,AV PRESIDENTE WILSON,89,ITARARE,13 34685192,-239.686.624,-46.375.718,MANHA-TARDE,0.0,0.0,0.0,0.0,0.0,0.0,NAO
PCF SAUDE INTEGRATIVA SV,MUNICIPAL,11320001,PRESIDENTE WILSON,1473,ITARARE,13 96401004,-239.655.092.075,-46.382.163.763,MANHA-TARDE,0.0,0.0,0.0,0.0,1.0,0.0,NAO
JULIA BITTENCOURT NUTRICIONISTA SAO VICENTE,MUNICIPAL,11320202,AV MANOEL DA NOBREGA,1439,ITARARE,1336180913,-239.681.617.093,-463.601.340.736,MANHA-TARDE,0.0,0.0,0.0,0.0,0.0,0.0,NAO
AMOR SAUDE SAO VICENTE,MUNICIPAL,11320130,MESSIA ASSU,443,ITARARE,13 35693700,-239.729.558,-463.729.507,MANHA-TARDE,0.0,0.0,0.0,0.0,0.0,0.0,NAO
AME AMBULATORIO MEDICO DE ESPECIALIDADES DE SAO VICENTE,ESTADUAL,11320001,AVENIDA PRESIDENTE WILSON,291,ITARARE,(13) 3569-4100,-239.710.309,-463.709.772,MANHA-TARDE,1.0,0.0,0.0,1.0,1.0,1.0,SIM
ODONTO PRAIA SAO VICENTE,MUNICIPAL,11320160,RUA ONZE DE JUNHO,292,ITARARE,1334675553,-23.971.306,-46.372.543,MANHA-TARDE,0.0,0.0,0.0,0.0,1.0,0.0,NAO
ESF JAPUI SAO VICENTE,MUNICIPAL,11325000,AV TUPINIQUINS,S/N,JAPUI,(13)35671344,-23.984.736,-4.639.504,MANHA-TARDE,0.0,0.0,0.0,0.0,1.0,0.0,SIM
UNIDADE BASICA DE SAUDE JARDIM GUASSU SAO VICENTE,MUNICIPAL,11370580,RUA LAGARTO,101,JARDIM GUASSU,(13)35612004,-23.951.725,-46.380.155,MANHA-TARDE,0.0,0.0,0.0,0.0,1.0,0.0,SIM
ADRIANA PEREIRA MANTOVANELLI SAO VICENTE,MUNICIPAL,11380001,AVENIDA PREFEITO JOSE MONTEIRO,765,JARDIM INDEPENDENCIA,35611797,-239.641.685.166,-463.717.621.565,MANHA-TARDE,0.0,0.0,0.0,0.0,1.0,0.0,NAO
FARMA CONDE FILIAL 133 SV,MUNICIPAL,11380001,PREFEITO JOSE MONTEIRO,587,JARDIM INDEPENDENCIA,12 39324721,-239.640.116.524,-463.723.039.627,MANHA-TARDE-NOITE,,,,,1.0,0.0,NAO
DROGARIA CARREFOUR DSV,MUNICIPAL,11380001,PREFEITO JOSE MONTEIRO,1045,JARDIM INDEPENDENCIA,11 37796000,-239.674.111.509,-463.695.466.518,MANHA-TARDE-NOITE,,,,,1.0,0.0,NAO
CATUENSE SAO VICENTE,MUNICIPAL,11347590,DA MARKET,810,JARDIM IRMA DOLORES,13 974184177,-239.727.344.826,-464.490.365.982,MANHA-TARDE,0.0,0.0,0.0,0.0,1.0,0.0,NAO
DRIELEN CARVALHO S DE PAULA PSICOLOGA SV,MUNICIPAL,11370610,SAO CRISTOVAO,75,JARDIM PARAISO,13 96736478,-23.951.645.741,-463.825.714.588,MANHA-TARDE-NOITE,0.0,0.0,0.0,0.0,0.0,0.0,NAO
ESF RIO BRANCO II E III SAO VICENTE,MUNICIPAL,11347150,RUA EDUARDO CACAO,S/N,JARDIM RIO BRANCO,1335661188,-23.980.961,-46.473.008,MANHA-TARDE,0.0,0.0,0.0,0.0,1.0,0.0,SIM
ESF JARDIM RIO BRANCO SAO VICENTE,MUNICIPAL,11347020,RUA ANTONIO RISCALLE HUSNE,1760,JARDIM RIO BRANCO,1335662773,-239.793.252,-464.706.032,MANHA-TARDE,0.0,0.0,0.0,0.0,1.0,0.0,SIM
PRONTO SOCORRO RIO BRANCO SAO VICENTE,MUNICIPAL,11347000,AV DEPUTADO ULISSES GUIMARAES,721,JARDIM RIO BRANCO,,-239.799.557,-464.732.449,24H,0.0,0.0,0.0,0.0,1.0,0.0,SIM
CAPS II JARDIM RIO BRANCO CENTRO DE ATENCAO PSICOSSOCIAL,MUNICIPAL,11347040,RUA DONALD ALEXANDRE KEALMAN,S/N,JARDIM RIO BRANCO,1335767674,-239.809.524,-464.742.047,MANHA-TARDE,0.0,0.0,0.0,0.0,1.0,0.0,NAO
CENTRO DE AT ESP SAUDE DA PESSOA COM DEF REABILITAR II SV,MUNICIPAL,11347000,AV DR ULISSES GUIMARAES,601,JARDIM RIO BRANCO,1335765804,-23.982.251,-46.470.455,MANHA-TARDE,0.0,0.0,0.0,0.0,1.0,0.0,SIM
CEO III JD RIO BRANCO SAO VICENTE,MUNICIPAL,11347000,AV DEPUTADO ULISSES GUIMARAES,1431,JARDIM RIO BRANCO,1335661713,-239.832.739.581,-46.468.524.461,MANHA-TARDE,0.0,0.0,0.0,0.0,1.0,0.0,SIM
FARMA CONDE FILIAL 396 SV,MUNICIPAL,11347520,IRMA DOLORES,1005,JARDIM RIO BRANCO,12 39324721,-239.842.136.998,-464.625.656.605,MANHA-TARDE-NOITE,,,,,1.0,0.0,NAO
DROGARAIA LJ 1920 SV,MUNICIPAL,11347000,DEPUTADO ULISSES GUIMARAES,1607,JARDIM RIO BRANCO,11 37695731,-239.844.097.493,-464.669.752.121,MANHA-TARDE-NOITE,0.0,0.0,0.0,0.0,1.0,0.0,NAO
WLADEMIR PATARO DE CASTRO SAO VICENTE,MUNICIPAL,11347000,AVENIDA DEPUTADO ULISSES GUIMARAES,1547,JARDIM RIO BRANCO,,-239.839.289.535,-464.674.982.745,MANHA-TARDE,0.0,0.0,0.0,0.0,0.0,0.0,NAO
E S F JARDIM RIO NEGRO,MUNICIPAL,11347430,RUA E,110,JARDIM RIO NEGRO,35668321,-23.985.097,-46.462.524,MANHA-TARDE,0.0,0.0,0.0,0.0,1.0,0.0,SIM
LUIZ ALBERTO RIBEIRO BRAS SAO VICENTE,MUNICIPAL,11370350,RUA FRANCISCO SILVA SANTOS,20,JD GUASSU,(13)34664248,,,MANHA-TARDE,0.0,0.0,0.0,0.0,1.0,0.0,NAO
CAPS I CENTRO DE ATENCAO PSICOSSOCIAL INFANTIL SAO VICENTE,MUNICIPAL,11370540,RUA SANTO ANTONIO,64,JD GUASSU,1334669813,-2.395.249,-46.374.908,MANHA-TARDE,0.0,0.0,0.0,0.0,1.0,0.0,SIM
ODONTO SPECIALITTE SAO VICENTE,MUNICIPAL,11380510,RUA BERTA CRAVEIRO LOPES,36,JD INDEPENDENCIA,1335613842,-239.616.804,-463.746.192,MANHA-TARDE-NOITE,0.0,0.0,0.0,0.0,1.0,0.0,NAO
UNIERO RADIOLOGIA,MUNICIPAL,11380510,RUA BERTA CRAVEIROS LOPES,40,JD INDEPENDENCIA,1333243296,-23.963.159,-46.374.237,MANHA-TARDE-NOITE,0.0,0.0,0.0,0.0,1.0,0.0,NAO
UBIRAJARA DE MELLO JUNIOR SAO VICENTE,MUNICIPAL,11380510,RUA BERTA CRAVEIRO LOPES,36,JD INDEPENDENCIA,(13)35611430,-239.616.804,-463.746.192,MANHA-TARDE-NOITE,0.0,0.0,0.0,0.0,1.0,0.0,NAO
MARYANE SASSI TELLES BAPTISTA SAO VICENTE,MUNICIPAL,11380001,AV PREFEITO JOSE MONTEIRO,577,JD INDEPENDENCIA,(13)30214984,-239.632.351,-463.750.358,MANHA-TARDE,0.0,0.0,0.0,0.0,1.0,0.0,NAO
TOPFISIO CLINICA DE FISIOTERAPIA LTDA SAO VICENTE,MUNICIPAL,11380000,AV PREFEITO JOSE MONTEIRO,844,JD INDEPENDENCIA,34698765,-239.653.011.511,-46.370.831.961,MANHA-TARDE,0.0,0.0,0.0,0.0,1.0,0.0,NAO
PRISCILLA KATHERINE DE CARVALHO,MUNICIPAL,11380001,AV PREFEITO JOSE MONTEIRO,765,JD INDEPENDENCIA,35612519,,,MANHA-TARDE,0.0,0.0,0.0,0.0,1.0,0.0,NAO
UNIDADE DE SAUDE DA MULHER DAVID CAPISTRANO SAO VICENTE,MUNICIPAL,11347725,RUA SALVADOR,60,JD IRMA DOLORES,1335765828,-23.980.172,-46.451.803,MANHA-TARDE,0.0,0.0,0.0,0.0,1.0,0.0,SIM
PATRICIA DUARTE IGNACIO DE SOUZA SAO VICENTE,MUNICIPAL,11370570,RUA PROPRIA,114,JD PARAISO,13 30289291,,,MANHA-TARDE,0.0,0.0,0.0,0.0,1.0,0.0,NAO
CENTRO MEDICO POPULAR DE SAO VICENTE,MUNICIPAL,11347000,AV DEPUTADO ULISSES GUIMARAES,1443,JD RIO BRANCO,1333290029,-23.983.278,-46.468.887,MANHA-TARDE,0.0,0.0,0.0,0.0,0.0,0.0,NAO
HOSPITAL DE CAMPANHA COVID 19 SV CONTINENTAL,MUNICIPAL,11347070,RUA JOSE FAGUNDES BEZERRA,S/N,JD RIO BRANCO,,-23.971.702,-46.477.487,24H,0.0,0.0,0.0,0.0,1.0,1.0,SIM
SAMU 192 SAO VICENTE 9,MUNICIPAL,11347000,AV ULISSES GUIMARAES,231,JD RIO BRANCO,1335760245,-23.976.426,-46.477.743,24H,,,,,0.0,0.0,NAO
SAMU 192 MOTOLANCIA 2 SAO VICENTE,MUNICIPAL,11347000,AV ULISSES GUIMARAES,231,JD RIO BRANCO,(13)3576-0245,-2.397.629,-46.477.574,24H,,,,,0.0,0.0,NAO
SAMU 192 MOTOLANCIA 1 SAO VICENTE,MUNICIPAL,11347000,AV ULISSES GUIMARAES,231,JD RIO BRANCO,(13)3576-0245,-2.397.629,-46.477.574,24H,,,,,0.0,0.0,NAO
SAMU 192 MOTOLANCIA 3 SAO VICENTE,MUNICIPAL,11347000,AV ULISSES GUIMARAES,231,JD RIO BRANCO,(13)3576-0245,-2.397.629,-46.477.574,24H,,,,,0.0,0.0,NAO
FARMACIA POPULAR DO BRASIL SAO VICENTE,MUNICIPAL,11347000,AV ULISSES GUIMARAES,791,JD RIO BRANCO,35767913,,,MANHA-TARDE,,,,,1.0,0.0,NAO
CLINICA MEDICA DRA MICHELE MELO SAO VICENTE,MUNICIPAL,11347000,AV DEPUTADO ULISSES GUIMARAES,1546,JD RIO BRANCO,(13) 35766823,,,MANHA-TARDE,0.0,0.0,0.0,0.0,0.0,0.0,NAO
SAMU 192 SAO VICENTE 2,MUNICIPAL,11347000,AV ULISSES GUIMARAES,231,JD RIO BRANCO,1335760245,-2.397.629,-46.477.574,24H,,,,,0.0,0.0,NAO
L A C SAUDE MAIS,MUNICIPAL,11347000,AV DEPUTADO ULISSES GUIMARAES,1671,JD RIO BRANCO,1335666482,-239.799.667,-464.732.385,MANHA-TARDE,0.0,0.0,0.0,0.0,1.0,0.0,NAO
SAMU 192 SAO VICENTE 7,MUNICIPAL,11347000,AV ULISSES GUIMARAES,231,JD RIO BRANCO,1335760245,-23.976.383,-46.477.606,24H,,,,,0.0,0.0,NAO
UNIDADE BASICA DE SAUDE JIP SAO VICENTE,MUNICIPAL,11360190,RUA ROBERTO KOCH,584,JOQUEI CLUBE,(13)35663595,-23.941.528,-46.399.216,MANHA-TARDE,0.0,0.0,0.0,0.0,1.0,0.0,SIM
UNIDADE BASICA DE SAUDE SAMBAIATUBA SAO VICENTE,MUNICIPAL,11365180,PRACA DOM BOSCO,S/N,JOQUEI CLUBE,1334638727,-23.945.412,-46.389.951,MANHA-TARDE,0.0,0.0,0.0,0.0,1.0,0.0,SIM
CENTRO DE AT ESP A SAUDE DA CRIANCA COM DEF SAO CAMILO SV,MUNICIPAL,11350010,AV JOAO FRANCISCO BENSDORP,261,NAUTICA III,(13)34621170,-23.954.943,-46.410.414,MANHA-TARDE,0.0,0.0,0.0,0.0,1.0,0.0,SIM
UNIDADE BASICA DE SAUDE PARQUE BITARU SAO VICENTE,MUNICIPAL,11330205,PRACA INFANTE DOM HENRIQUE,S/N,PARQUE BITARU,(13)34671757,-2.397.123,-46.394.617,MANHA-TARDE,0.0,0.0,0.0,0.0,1.0,0.0,SIM
PRONTO SOCORRO CENTRAL SAO VICENTE,MUNICIPAL,11330800,AV MARECHAL CANDIDO MARIANO DA SILVA RONDON,425,PARQUE BITARU,1335695900,-239.620.385.785,-463.972.377.777,24H,0.0,0.0,0.0,0.0,1.0,0.0,SIM
FERNANDO LUIS MORETTI DA SILVA SAO VICENTE,MUNICIPAL,11330200,AV CAPITAO LUIZ ANTONIO PIMENTA,397,PARQUE BITARU,(13) 30218521,,,MANHA-TARDE,0.0,0.0,0.0,0.0,0.0,0.0,NAO
UNIDADE BASICA DE SAUDE PARQUE DAS BANDEIRAS SAO VICENTE,MUNICIPAL,11346005,PRACA DARIO AREDES LACERDA,70,PARQUE DAS BANDEIRAS,1335662163,-2.398.463.855,-46.484.841.474,MANHA-TARDE,0.0,0.0,0.0,0.0,1.0,0.0,SIM
ACADEMIA DA SAUDE PARQUE SAO VICENTE,MUNICIPAL,11360240,PRACA DOM PEDRO I,S/N,PARQUE SAO VICENTE,13997245295,-239.521.306.746,-46.398.146.903,MANHA-TARDE,,,,,1.0,0.0,NAO
VIANNA MEDICINA ESPECIALIZADA SAO VICENTE,MUNICIPAL,11360000,RUA GUARANY,314,PARQUE SAO VICENTE,1335681462,-239.508.024,-463.969.633,MANHA-TARDE-NOITE,0.0,0.0,0.0,0.0,1.0,0.0,NAO
UNIDADE BASICA DE SAUDE PARQUE SAO VICENTE SAO VICENTE,MUNICIPAL,11360240,PRACA DOM PEDRO I,S/N,PARQUE SAO VICENTE,1334641565,-23.952.042,-46.398.168,MANHA-TARDE,0.0,0.0,0.0,0.0,1.0,0.0,SIM
INSTITUTO ADESAF SAO VICENTE,MUNICIPAL,11360000,GUARANY,70,PARQUE SAO VICENTE,13 35684191,-239.590.420.419,-463.977.595.184,MANHA-TARDE,0.0,0.0,0.0,0.0,1.0,0.0,SIM
CRUZ AZUL DE SAO PAULO AMBULATORIO SAO VICENTE,MUNICIPAL,11360040,PRACA RUI BARBOSA,238,PARQUE SAO VICENTE,(13) 34655500,-2.395.544.765,-4.639.883.165,MANHA-TARDE,0.0,0.0,0.0,0.0,1.0,0.0,NAO
FABIULA MARTINS LOURENCO SAO VICENTE,MUNICIPAL,11340000,RUA FREI GASPAR,2160,PARQUE SAO VICENTE,34662366,-239.592.738.479,-463.985.111.612,MANHA-TARDE,0.0,0.0,0.0,0.0,0.0,0.0,NAO
UNIDADE BASICA DE SAUDE POMPEBA SAO VICENTE,MUNICIPAL,11355150,RUA ANTONIO DA COSTA,S/N,POMPEBA,1334641815,-239.402.078.344,-464.058.791.618,MANHA-TARDE,0.0,0.0,0.0,0.0,1.0,0.0,SIM
UNIDADE BASICA DE SAUDE PONTE NOVA SAO VICENTE,MUNICIPAL,11347725,RUA SALVADOR,70,PONTE NOVA,1335661155,-239.799.098.604,-464.525.552.274,MANHA-TARDE,0.0,0.0,0.0,0.0,1.0,0.0,SIM
FLAVIA REGINA MARTINS DE OLIVEIRA SAO VICENTE,MUNICIPAL,11310070,R JACOB EMERICK,1398,PQ BITARU,34676962,,,MANHA-TARDE,0.0,0.0,0.0,0.0,1.0,0.0,NAO
ESF CONTINENTAL SAO VICENTE,MUNICIPAL,11348000,AV CENTRAL,940,PQ CONTINENTAL,1335641424,-239.550.938,-464.586.081,MANHA-TARDE,0.0,0.0,0.0,0.0,1.0,0.0,SIM
E S F GLEBA II,MUNICIPAL,11346250,AV DR CELSO SANTOS,510,PQ DAS BANDEIRAS,1335662456,-23.981.971,-46.489.672,MANHA-TARDE,0.0,0.0,0.0,0.0,1.0,0.0,SIM
PRONTO ATENDIMENTO PARQUE DAS BANDEIRAS SAO VICENTE,MUNICIPAL,11346000,AV ESMERALDO SOARES TARQUINO DE CAMPOS,S/N,PRQ DAS BANDEIRAS,(13)35661305,-239.850.420.069,-464.845.812.321,24H,0.0,0.0,0.0,0.0,1.0,0.0,SIM
UNIDADE BASICA DE SAUDE SAMARITA SAO VICENTE,MUNICIPAL,11345050,RUA SERGIPE,70,SAMARITA,1335661544,-23.991.082,-46.477.362,MANHA-TARDE,0.0,0.0,0.0,0.0,1.0,0.0,SIM
CDP LUIS CESAR LACERDA DE SAO VICENTE,ESTADUAL,11346300,RODOVIA PADRE MANOEL DA NOBREGA,S/N,SAMARITA,(13) 3576-9890,-23.937.453,-464.641.942,MANHA-TARDE,0.0,0.0,0.0,0.0,1.0,0.0,SIM
PENITENCIARIA I DR GERALDO DE ANDRADE VIEIRA DE SAO VICENTE,ESTADUAL,11348900,RODOVIA PADRE MANOEL DA NOBREGA,66,SAMARITA,(13) 3406-1311,-2.396.176,-464.727,24H,0.0,0.0,0.0,0.0,1.0,0.0,NAO
PENITENCIARIA II DE SAO VICENTE,ESTADUAL,11348910,RODOVIA PADRE MANOEL DA NOBREGA,282,SAMARITA,(13) 3565-3600,-2.392.884,-4.646.753,MANHA-TARDE,0.0,0.0,0.0,0.0,1.0,0.0,SIM
MAXIMA DROGARIA SV,MUNICIPAL,11345400,PIASSABUCU,15,SAMARITA,13 07354102,-239.900.362.422,-464.742.171.764,MANHA-TARDE-NOITE,,,,,1.0,0.0,NAO
CASA VILA DE SAO VICENTE,MUNICIPAL,11346300,PADRE MANOEL DA NOBREGA SP 55,S/N,SAMARITA,13 34063635,-239.617.836.699,-464.738.363.028,24H,0.0,0.0,0.0,0.0,0.0,0.0,NAO
ODONTO TEDESCO SAO VICENTE,MUNICIPAL,11390000,AV ANTONIO EMMERICH,110,VILA CASCATINHA,(13) 3022-4187,,,MANHA-TARDE-NOITE,0.0,0.0,0.0,0.0,1.0,0.0,NAO
EUROFINS CLINICAL DIAGNOSTICS SAO VICENTE,MUNICIPAL,11390001,ANTONIO EMMERICK,245,VILA CASCATINHA,13 32341056,-239.623.649,-463.795.083,MANHA-TARDE,0.0,0.0,0.0,0.0,0.0,0.0,NAO
AMB IRMA DOLORES SERV APOIO PSICOSSOCIAL S VICENTE,MUNICIPAL,11390000,AV ANTONIO EMERICH,94,VILA CASCATINHA,1335690150,-23.963.526,-46.381.315,MANHA-TARDE,0.0,0.0,0.0,0.0,1.0,0.0,NAO
MARIANA MARQUES BORRALHO SAO VICENTE,MUNICIPAL,11370100,AVENIDA MOTTA LIMA,10,VILA CASCATINHA,,-23.961.488,-4.637.868,MANHA-TARDE-NOITE,0.0,0.0,0.0,0.0,0.0,0.0,NAO
CLINICA ODONTOLOGICA ODONTOYOU SS LTDA SAO VICENTE,MUNICIPAL,11390000,AVENIDA ANTONIO EMMERICK,358,VILA CASCATINHA,13 33268915,-239.623.649,-463.795.083,MANHA-TARDE,0.0,0.0,0.0,0.0,1.0,0.0,NAO
UVZ UNIDADE DE VIGILANCIA EM ZOONOSES SV,MUNICIPAL,11390001,AV ANTONIO EMERICK,750,VILA CASCATINHA,34639373,-239.598.201.502,-463.766.786.456,MANHA-TARDE,,,,,0.0,0.0,SIM
ALMOXARIFADO DA SAUDE SAO VICENTE,MUNICIPAL,11330800,AV PREFEITO JOSE MONTEIRO,111,VILA CASCATINHA,35611545,-239.615.998.412,-463.760.724.664,MANHA-TARDE,,,,,0.0,0.0,NAO
ESF VILA EMA E ESF VILA NOVA SAO VICENTE S VICENTE,MUNICIPAL,11345310,RIA PADRE ANDRE DE SOVERAL,240,VILA EMA,1335664219,-239.925.651.432,-464.914.155.006,MANHA-TARDE,0.0,0.0,0.0,0.0,1.0,0.0,SIM
UNIDADE BASICA DE SAUDE VILA MARGARIDA SAO VICENTE,MUNICIPAL,11330570,RUA POLYDORIO DE OLIVEIRA BITTENCOURT,299,VILA MARGARIDA,1334632324,-23.967.141,-46.401.743,MANHA-TARDE,0.0,0.0,0.0,0.0,1.0,0.0,SIM
ESF SAQUARE SAO VICENTE,MUNICIPAL,11330710,RUA DO MEIO,S/N,VILA MARGARIDA,1334640550,-23.971.338,-46.409.836,MANHA-TARDE,0.0,0.0,0.0,0.0,1.0,0.0,SIM
CAPS II DOMINGOS STAMATO SAO VICENTE,MUNICIPAL,11330570,RUA POLYDORO DE OLIVEIRA BITTENCOURT,299,VILA MARGARIDA,(13)34644450,-239.678.721,-464.029.399,MANHA-TARDE,0.0,0.0,0.0,0.0,1.0,0.0,NAO
CAPS AD II SAO VICENTE,MUNICIPAL,11330570,R POLIDORO DE OLIVEIRA BITENCOURT,299,VILA MARGARIDA,34639557,-23.963.563,-46.381.299,MANHA-TARDE,0.0,0.0,0.0,0.0,1.0,0.0,NAO
CENTRO MEDICO DE ESPECIALIDADES INFANTIS SAO VICENTE,MUNICIPAL,11330570,RUA DR POLYDORO OLIVEIRA BITTENCOURT,299,VILA MARGARIDA,1334650900,-23.966.935,-46.401.421,MANHA-TARDE,0.0,0.0,0.0,0.0,1.0,0.0,SIM
INOVACAO SERVICOS TECNICOS EM RADIOLOGIA LTDA EPP,MUNICIPAL,11335000,RUA ERNESTO INTRIERI,65,VILA MARGARIDA,13-97713231,,,MANHA-TARDE,0.0,0.0,0.0,0.0,0.0,0.0,NAO
UNIDADE DE SAUDE DO ADOLESCENTE SAO VICENTE,MUNICIPAL,11330570,RUA POLYDORO DE OLIVEIRA BITTENCOURT,299,VILA MARGARIDA,1334650900,-2.396.695,-46.401.491,MANHA-TARDE,0.0,0.0,0.0,0.0,1.0,0.0,NAO
UNIDADE BASICA DE SAUDE CENTRAL SAO VICENTE,MUNICIPAL,11390001,AV ANTONIO EMMERICH,509,VILA MELO,(13)35690300,-2.396.114,-46.378.231,MANHA-TARDE,0.0,0.0,0.0,0.0,1.0,0.0,SIM
HOSPITAL ANA COSTA SAO VICENTE,MUNICIPAL,11330800,AV MARECHAL CANDIDO MARIANO RONDON,155,VILA NOSSA DO AMPARO,(13) 3579-1122,-239.627.192,-463.877.297,MANHA-TARDE-NOITE,0.0,0.0,0.0,0.0,1.0,0.0,NAO
CENTRO DE AT ESP A SAUDE DA PESSOA COM DEF REABILITAR I SV,MUNICIPAL,11380090,AV MINAS GERAIS ESQUINA RUA COSTA REGO,19,VILA SAO JORGE,(13)35690152,-239.560.701.528,-463.691.711.426,MANHA-TARDE,0.0,0.0,0.0,0.0,1.0,0.0,SIM
CAPS III MATER SAO VICENTE,MUNICIPAL,11380140,AV MINAS GERAIS ESQUINA RUA COSTA REGO,19,VILA SAO JORGE,1334687057/34671413,-23.956.025,-46.369.193,24H,0.0,0.0,0.0,0.0,1.0,0.0,SIM
HOSPITAL DO VICENTINO,MUNICIPAL,11380090,AV MINAS GERAIS,19,VILA SAO JORGE,1335630600,-23.964.285,-46.387.294,24H,1.0,0.0,0.0,1.0,1.0,1.0,SIM
ODONTOKER SAO VICENTE,MUNICIPAL,11380001,AV ANTONIO EMMERICH,1748,VILA SAO JORGE,,,,MANHA-TARDE,0.0,0.0,0.0,0.0,1.0,0.0,NAO
CAD II CENTRO DE APOIO E DIAGNOSTICO SAO VICENTE,MUNICIPAL,11380140,AV MINAS GERAIS ESQUINA RUA COSTA REGO,19,VILA SAO JORGE,1335694940,-23.956.136.334,-463.692.784.309,MANHA-TARDE,0.0,0.0,0.0,0.0,0.0,0.0,SIM
CATO CENTRO DE ATENDIMENTO EM TRAUMATOLOGIA E ORTOPEDIA,MUNICIPAL,11380140,AV MINAS GERAIS ESQUINA RUA COSTA REGO,19,VILA SAO JORGE,(13) 35690141,-239.000.575.145,-463.787.983.388,MANHA-TARDE,0.0,0.0,0.0,0.0,1.0,0.0,SIM
FARMA CONDE FILIAL 458 SV,MUNICIPAL,11390000,ANTONIO EMMERICH,260,VILA SAO JORGE,12 39324721,-239.626.660.438,-46.379.878.521,MANHA-TARDE-NOITE,,,,,1.0,0.0,NAO
DROGARIA NOVA SAO JORGE SV,MUNICIPAL,11370000,ANTONIO EMMERICK,830,VILA SAO JORGE,13 38770177,-239.611.071.792,-46.374.771.595,MANHA-TARDE-NOITE,0.0,0.0,0.0,0.0,0.0,0.0,NAO
ALIVIARTE SAO VICENTE,MUNICIPAL,11370000,AVENIDA ANTONIO EMMERICK,1000,VILA SAO JOSE,38780550,-239.579.315.561,-463.756.677.322,MANHA-TARDE-NOITE,0.0,0.0,0.0,0.0,1.0,0.0,NAO
CLINIMEDI CLINICAS MEDICAS INTEGRADAS LTDA SAO VICENTE,MUNICIPAL,11390100,AV MARECHAL DEODORO,581,VILA VALENCA,(13)34688465,,,MANHA-TARDE,0.0,0.0,0.0,0.0,1.0,0.0,NAO
ULYSSES GIOVANNINI SAO VICENTE,MUNICIPAL,11330000,AV PREFEITO JOSE MONTEIRO,842,VILA VALENCA,(13)34692358,-239.652.614.511,-463.707.513.322,MANHA-TARDE,0.0,0.0,0.0,0.0,1.0,0.0,NAO
LUIZ AUGUSTO DE CARVALHO IERVOLINO SAO VICENTE,MUNICIPAL,11390100,AV MAL DEODORO,581,VILA VALENCA,(13)34687661,,,MANHA-TARDE,0.0,0.0,0.0,0.0,1.0,0.0,NAO
MARIA IOLI PINFARI IERVOLINO SAO VICENTE,MUNICIPAL,11390100,AV MAL DEODORO,581,VILA VALENCA,(13)34687661,,,MANHA-TARDE,0.0,0.0,0.0,0.0,1.0,0.0,NAO
CIONEIA SICUTI SAO VICENTE,MUNICIPAL,11390001,AV ANTONIO EMMERICK,358,VILA VALENCA,34688101,-239.621.952.536,-463.791.132.322,MANHA-TARDE,0.0,0.0,0.0,0.0,1.0,0.0,NAO
MARCELA FERNANDA BIANCO SAO VICENTE,MUNICIPAL,11390140,RUA DOM LARA,850,VILA VALENCA,33298355,-239.630.799,-463.790.219,MANHA-TARDE,0.0,0.0,0.0,0.0,1.0,0.0,NAO
LOURDES REGINA SALGUEIRO CASTRO SAO VICENTE,MUNICIPAL,11320000,AV MAL DEODORO,737,VILA VALENCA,(13) 34694578,,,MANHA-TARDE,0.0,0.0,0.0,0.0,1.0,0.0,NAO
CLAUDIA BEVILACQUA,MUNICIPAL,11390001,AVENIDA ANTONIO EMERICH,292,VILA VALENCA,(13)34693697,-23.962.567,-46.379.666,MANHA-TARDE,0.0,0.0,0.0,0.0,0.0,0.0,NAO
SELMA REGINA GAMBA DE OLIVEIRA SAO VICENTE,MUNICIPAL,11310400,AV PREFEITO JOSE MONTEIRO,110,VILA VALENCA,(13)30132156,-23.961.694,-46.376.349,MANHA-TARDE-NOITE,0.0,0.0,0.0,0.0,1.0,0.0,NAO
HIGIA NEURO PSIQUIATRIA SAO VICENTE,MUNICIPAL,11390140,DON LARA,224,VILA VALENCA,13 33955253,-239.630.778.162,-463.790.524.006,MANHA,0.0,0.0,0.0,0.0,0.0,0.0,NAO
HOPE FISIO SAO VICENTE,MUNICIPAL,11390100,AVENIDA MARECHAL DEODORO,197,VILA VALENCA,13996625074,-239.656.254,-463.777.637,MANHA-TARDE,0.0,0.0,0.0,0.0,1.0,0.0,NAO
AFIP SAO VICENTE,MUNICIPAL,11310420,AV MINAS GERAIS,19,VILA VOTURUA,1335686015,-239.575.114.242,-463.698.014.617,24H,0.0,0.0,0.0,0.0,0.0,0.0,SIM
AMBULATORIO DA TERCEIRA IDADE SAO VICENTE,MUNICIPAL,11380140,R PRACA VITORIA DA CONQUISTA,S/N,VILA VOTURUA,(13)34677020,-23.961.499,-46.370.482,MANHA-TARDE,0.0,0.0,0.0,0.0,1.0,0.0,SIM
UNIDADE BASICA DE SAUDE PRACA VITORIA SAO VICENTE,MUNICIPAL,11380410,PRACA VITORIA DA CONQUISTA,S/N,VILA VOTURUA,1335611042,-23.961.950.341,-463.704.532.385,MANHA-TARDE,0.0,0.0,0.0,0.0,1.0,0.0,SIM
CAFARNAHUN SAO VICENTE,MUNICIPAL,11380420,JUIZ DE FORA,238,VILA VOTURUA,11 37059450,-239.621.146,-463.679.565,MANHA-TARDE,0.0,0.0,0.0,0.0,1.0,0.0,NAO
GUILHERME AUGUSTO BRAGA SILVA SAO VICENTE,MUNICIPAL,11390001,AV ANTONIO EMERICH,1018,VL CASCATINHA,(13)35619043,,,MANHA-TARDE,0.0,0.0,0.0,0.0,1.0,0.0,NAO
SAMU 192 SAO VICENTE,MUNICIPAL,11355230,PRACA DA IMIGRACAO JAPONESA,S/N,VL NOSSA SRA DE FATI,(13)34637876,-23.950.607,-46.406.641,24H,,,,,1.0,0.0,SIM
DENIZE RODRIGUES TEIXEIRA CASANOVA SAO VICENTE,MUNICIPAL,11380000,AV PREFEITO JOSE MONTEIRO,924,VL VALENCA,(13)34686664,-239.659.650.882,-463.706.356.287,MANHA-TARDE,0.0,0.0,0.0,0.0,1.0,0.0,NAO
