Escola,Código INEP,Categoria Administrativa,Logradouro,Número,Bairro,CEP,Telefone,Latitude,Longitude
ESCOLA INFANTIL RENASCER,35004088,Privada,MONTE BELVEDERE,984 VILA MARGARIDA,MARGARIDA,11330-580,(13) 34635844,                              ,                              
CRECHE E EDUCACAO INFANTIL ABC,35004589,Privada,GENERAL MARIO HERMES DA FONSECA,655 ESPLANADA DOS BARREIROS,BARREIROS,11340-180,,-23.96044833,-46.40936667
ANJO GABRIEL,35004590,Privada,VALTER DO AMARAL,39 CATIAPOA,CATIAPOA,11370-305,,-23.96077084,-46.38895709
NUCLEO DE RECREACAO INFANTIL APRENDER BRINCANDO,35004815,Privada,MARECHAL HUMBERTO DE ALENCAR CASTELO BRANCO,449 CIDADE NAUTICA,NAUTICA,11355-000,,-23.94918706,-46.40940402
CRECHE PROFESSORA REGINA CELIA DOS SANTOS,35004886,Pública,CAPITAO ANTAO DE MOURA,429 PARQUE BITARU,BITARU,11330-100,,-23.9677208,-46.3937494
CRECHE MUNICIPAL EDUARDO FURKINI,35004888,Pública,DOUTOR ARCHIMEDES BAVA,SN PARQUE DAS BANDEIRAS,BANDEIRAS,11346-190,,-23.9821152,-46.4948187
CRECHE MUNICIPAL PAULO DE SOUZA,35004889,Pública,DEPUTADO ULISSES GUIMARAES,SN JARDIM RIO BRANCO,BRANCO,11347-000,,-23.9759727,-46.4771376
ESCOLA DE EDUCACAO INFANTIL SHALOM,35004942,Privada,PROFESSOR LOVELY PLAUCHUT,452 VILA MATEO BEI,BEI,11335-300,,-23.96482667,-46.40895167
CASA DA VOVO LIBANIA CRECHE COMUNITARIA,35005340,Privada,VINTE E DOIS DE JANEIRO,630 FUNDOS,FUNDOS,11310-090,,-23.9699138,-46.3857808
PENIEL CRECHE COMUNITARIA,35005343,Privada,TENENTE DURVAL DO AMARAL,725 CATIAPOA,CATIAPOA,11390-300,,-23.9568458,-46.3840025
LAR CINDERELA CRECHE COMUNITARIA,35005347,Privada,FRANCISCO SILVA SANTOS,323 JARDIM GUASSU,GUASSU,11370-530,,-23.9514511,-46.3770646
CRECHE MUNDO DA CRIANCA,35005348,Privada,VEREADOR LOURIVAL MOREIRA DO AMARAL,604 PARQUE SAO VICENTE,VICENTE,11365-100,,-23.9577278,-46.3943482
COLEGIO NASCIMENTO EDUCACAO,35005406,Privada,COSTA REGO,50 VILA SAO JORGE,JORGE,11380-140,(13) 35615642,-23.9546209,-46.3739948
CANTINHO DO ZEZINHO CRECHE COMUNITARIA,35005443,Privada,SACADURA CABRAL,399 VILA JOCKEI CLUBE,CLUBE,11365-080,,-23.94777155,-46.3921991
COLEGIO VISAO,35006080,Privada,RUA TENENTE DURVAL DO AMARAL,245 CATIAPOA,CATIAPOA,11390-300,(13) 33954800,-23.96062202,-46.39045697
CRECHE SANDRA ANTONELI,35006095,Pública,ELISANGELA SANTOS MENDES,SN SAMARITA,SAMARITA,11345-585,,-23.98871445,-46.46972985
ESCOLA DE EDUCACAO INFANTIL SAPINHO SAPECA,35006124,Privada,CUIABA,196 VILA NOSSA SENHORA DE FATIMA,FATIMA,11355-250,,-23.95497687,-46.40395354
ESCOLA FORTEC UNIDADE VI,35006249,Privada,FREI GASPAR,2078 PARQUE SAO VICENTE,VICENTE,11340-000,(13) 34661868,                              ,                              
COLEGIO GENESIS MASTER SAO VICENTE,35006311,Privada,EDUARDO CACAO,1448 JARDIM RIO BRANCO,BRANCO,11347-150,(13) 35765513,-23.98412012,-46.46890085
COLEGIO ECTTA,35006332,Privada,SANTA CRUZ,110 CENTRO,CENTRO,11310-290,(13) 996884427,                              ,                              
COLEGIO DO ROCIO,35006342,Privada,CAPITAOMOR AGUIAR,898 CENTRO,CENTRO,11310-200,(13) 34669491,                              ,                              
COLEGIO ABC,35006344,Privada,ENGENHEIRO ANDRE REBOUCAS,10 VILA MATEO BEI,BEI,11335-340,(13) 34683350,                              ,                              
JOVEM EISNTEN,35006485,Privada,MARECHAL CANDIDO MARIANO DA SILVA RONDON,21 VILA MARGARIDA,MARGARIDA,11330-800,,                              ,                              
ABRACADABRA,35006573,Privada,MARECHAL DEODORO,219 VILA VALENCA,VALENCA,11390-100,(13) 34689141,                              ,                              
ESCOLA DE EDUCACAO INFANTIL SAFARI,35006950,Privada,IBRAHIN ABDALLA SET EL BANAT,472 JARDIM RIO BRANCO,BRANCO,11347-010,,                              ,                              
CRECHE MUNICIPAL JEAN PIERRE DOS SANTOS MOLINA,35007034,Pública,JOSE VIEGAS,SN PARQUE CONTINENTAL,CONTINENTAL,11348-390,,-23.95706977,-46.45861852
CRECHE MUNICIPAL ENG SEITETSU IHA,35007069,Pública,BENJAMIM MATEUS MENDES,SN SAMARITA,SAMARITA,11345-580,,-23.988225,-46.46831833
UNIDADE EDUCACIONAL NILTON RIBEIRO,35007415,Pública,JOSE JULIO DA SILVA,382 JAPUI,JAPUI,11325-080,,-23.98737462,-46.39373984
CRECHE MUNICIPAL PROFESSOR CELSO EDUARDO DA SILVA,35007570,Pública,QUARENTA E CINCO,SN CONJUNTO RESIDENCIAL HUMAITA,HUMAITA,11349-210,,-23.95236068,-46.45364509
ESCOLA INFANTIL GERANDO SONHOS,35008025,Privada,PERO VAZ DE CAMINHA,303 VILA VALENCA,VALENCA,11390-040,(13) 34673146,                              ,                              
CRECHE MUNICIPAL NOSSA SENHORA DE FATIMA,35008082,Pública,STELIO MACHADO LOUREIRO,66 VILA NOSSA SENHORA DE FATIMA,FATIMA,11355-240,,                              ,                              
CENTRO EDUCACIONAL GIRASSOL KIDS LTDA,35008506,Privada,ALAMEDA DOIS,774 PARQUE CONTINENTAL,CONTINENTAL,11348-300,,                              ,                              
CRECHE MUNICIPAL CORA CORALINA,35008617,Pública,PAULO HORCEL,SN JAPUI,JAPUI,11325-100,,                              ,                              
CRECHE MUNICIPAL VILA MARGARIDA,35008693,Pública,RIO SERCHIO,SN VILA MARGARIDA,MARGARIDA,11330-640,,                              ,                              
CRECHE MUNICIPAL JULIO PEREIRA DE ANDRADE,35008739,Pública,DOUTOR ESMERALDO SOARES TARQUINIO DE CAMPOS FILHO,113 PARQUE DAS BANDEIRAS,BANDEIRAS,11346-000,,                              ,                              
CENTRO DE PROGRESSAO PENITENCIARIA,35008980,Pública,PADRE MANOEL DA NOBREGA,KM283 SAMARITA,SAMARITA,11346-300,,                              ,                              
SAINT MARY S BILINGUAL SCHOOL,35009055,Privada,ANTONIO EMMERICK,877 VILA CASCATINHA,CASCATINHA,11390-001,(13) 33563212,                              ,                              
AMEI REI PELE,35009373,Pública,JEQUIE,628 SAMARITA,SAMARITA,11345-010,,                              ,                              
AMEI EMILIA,35009376,Pública,MANOEL SIERRA PEREZ,256 CIDADE NAUTICA,NAUTICA,11350-650,,                              ,                              
AMEI NARIZINHO,35009378,Pública,MANOEL SIERRA PEREZ,296 CIDADE NAUTICA,NAUTICA,11350-650,(13) 34621000,                              ,                              
AMEI VISCONDE DE SABUGOSA,35009379,Pública,MANOEL SIERRA PEREZ,350 CIDADE NAUTICA,NAUTICA,11350-650,,                              ,                              
INSTITUTO DE ENSINO GENESIS,35009442,Privada,CAPITAOMOR AGUIAR,512 CENTRO,CENTRO,11310-200,,                              ,                              
INSTITUTO EDUCACIONAL MARQUES DE OLINDA,35009526,Privada,ANTONIO EMMERICK,410 VILA CASCATINHA,CASCATINHA,11390-001,(13) 33797547,                              ,                              
COHAB SAO VICENTE,35009552,Pública,ALEXANDRE FIGUEIREDO E CUNHA,170 CIDADE NAUTICA,NAUTICA,11350-580,(13) 981633391,                              ,                              
PRIMARY EDUCACAO INFANTIL,35009806,Privada,MARTINS FONTES,1730 ESPLANADA DOS BARREIROS,BARREIROS,11340-010,,                              ,                              
ESCOLA CAMBALHOTA,35009954,Privada,MARECHAL MASCARENHAS DE MORAES,390 VILA MARGARIDA,MARGARIDA,11330-000,(13) 34640607,                              ,                              
EVOLUIR CONSTRUIR EDUCACAO INFANTIL,35009955,Privada,JACOB EMERICK,1062 CENTRO,CENTRO,11310-070,,                              ,                              
CRECHE MUNICIPAL CATIAPOA,35009998,Pública,VICENTE GIL,368 CATIAPOA,CATIAPOA,11390-320,,                              ,                              
CRECHE MUNICIPAL VILA NOVA SAO VICENTE,35010006,Pública,ALFIO BENASSI,333 VILA NOVA SAO VICENTE,VICENTE,11346-420,,                              ,                              
CRECHE MUNICIPAL QUARENTENARIO,35010037,Pública,GOIAS,740 JARDIM IRMA DOLORES,DOLORES,11347-515,,                              ,                              
ESCOLA DE EDUCACAO INFANTIL PREDILETO,35010203,Privada,MONTE PLANO,513 VILA MARGARIDA,MARGARIDA,11335-020,,                              ,                              
ESCOLA UNIVERSO DO SABER,35010204,Privada,TIBIRICA,370 CENTRO,CENTRO,11320-020,,                              ,                              
CRECHE MUNICIPAL PROFESSORA ANA CRISTINA SANTOS HENRIQUES,35010232,Pública,CAIAMORE,804 VILA MARGARIDA,MARGARIDA,11330-703,,                              ,                              
ANTONIO MOREIRA COELHO DEPUTADO,35012075,Pública,NOSSA SENHORA APARECIDA,SN PRACA,PRACA,11355-340,(13) 34646511,-23.9494377,-46.403842
ENIO VILAS BOAS PROFESSOR,35012087,Pública,JOSE JOAQUIM DE AZEVEDO,1166 RUA,RUA,11355-040,(13) 34641983,-23.94017,-46.4081876
MARIA THEREZA DA CUNHA PEDROSO PROFESSORA,35012129,Pública,VITORIA DE SANTO ANTAO,SN RUA,RUA,11370-480,(13) 34682163,-23.9529603,-46.3858967
JOSE NIGRO PROFESSOR,35012130,Pública,DO PARQUE,SN TRAVESSA,TRAVESSA,11365-330,(13) 34682499,-23.9574484,-46.3931389
ZULMIRA DE ALMEIDA LAMBERT PROFESSORA,35012142,Pública,CAMPOS,SN RUA,RUA,11380-560,(13) 35612827,-23.9629923,-46.3695292
MARTIM AFONSO,35012212,Pública,JOSE BONIFACIO,102 RUA,RUA,11310-080,(13) 34681625,-23.9692813,-46.383432
YOLANDA CONTE PROFESSORA,35012245,Pública,JOSE ADRIANO MARREY JUNIOR,503 RUA,RUA,11340-310,(13) 34612557,-23.9563832,-46.4128049
MARGARIDA PINHO RODRIGUES,35012300,Pública,DOUTOR POLYDORO DE OLIVEIRA BITTENCOURT,300 RUA,RUA,11330-570,(13) 34632335,-23.9666223,-46.4012189
ARMANDO VICTORIO BEI,35012324,Pública,CARIJOS,1020 RUA,RUA,11360-100,(13) 34649493,-23.9497288,-46.3978776
LEOPOLDO JOSE DE SANT ANNA PROFESSOR,35012348,Pública,PROFESSOR JOSE GONCALVES PAIM,60 RUA,RUA,11310-340,(13) 34683316,-23.965866,-46.3938516
ANTONIO LUIZ BARREIROS,35037576,Pública,PAULO HORCEL,404 RUA,RUA,11325-100,(13) 35671412,-23.9880118,-46.3929396
LUIZ D AUREA PROFESSOR,35038842,Pública,OITO,119 RUA,RUA,11346-380,(13) 35661259,-23.9877548,-46.4897726
MARIA DULCE MENDES PROFESSORA,35041634,Pública,TUPI,500 RUA,RUA,11355-500,(13) 34645390,-23.953593,-46.4009204
ESMERALDO SOARES TARQUINIO DE CAMPOS FILHO,35049153,Pública,DEPUTADO ULISSES GUIMARAES,180 AVENIDA,AVENIDA,11347-000,(13) 35661164,-23.9770446,-46.4775255
UNIDADE EDUCACIONAL CAROLINA DANTAS,35056480,Pública,AURELIO PONNA,26 RUA,RUA,11390-310,(13) 34672425,-23.9596994,-46.3838258
UNIDADE EDUCACIONAL DUQUE DE CAXIAS,35056492,Pública,NAPOLEAO LAUREANO,SN PRACA,PRACA,11370-600,(13) 35614862,-23.9517432,-46.3780454
UNIDADE EDUCACIONAL LIONS CLUBE,35056509,Pública,COSTA REGO,533 RUA,RUA,11380-140,(13) 35614982,-23.9558136,-46.3696327
UNIDADE EDUCACIONAL MATTEO BEI I,35056510,Pública,CARIJOS,505 PARQUE SAO VICENTE,VICENTE,11360-100,(13) 34671683,-23.954569,-46.3985838
UNIDADE EDUCACIONAL RAQUEL DE CASTRO FERREIRA,35056534,Pública,NEWTON PRADO,503 AVENIDA,AVENIDA,11310-160,(13) 34676021,-23.9716408,-46.3913308
UNIDADE EDUCACIONAL PROFESSOR EDMUNDO CAPELLARI,35056546,Pública,VITORIA,SN PRACA,PRACA,11380-640,(13) 35613794,-23.961576,-46.3697866
UNIDADE EDUCACIONAL PROFESSOR CLEMENTE FERREIRA,35056558,Pública,LARGO PROFESSOR CLEMENTE FERREIRA,SN LARGO,LARGO,11370-050,(13) 35616168,-23.9589704,-46.3788343
UNIDADE EDUCACIONAL DOM PEDRO I,35070415,Pública,DOM PEDRO I,SN PRACA,PRACA,11360-240,(13) 34624613,-23.9521141,-46.398293
UNIDADE EDUCACIONAL MARIO COVAS JUNIOR,35070920,Pública,NILO DE SOUZA COELHO SENADOR,SN RUA,RUA,11346-040,(13) 35662499,-23.9899428,-46.4819632
AMEI PARQUE SAO VICENTE MARIA DE LOURDES BATISTA,35070932,Pública,RUBENS FERREIRA MARTINS,SN PARQUE SAO VICENTE,VICENTE,11360-230,(13) 34646146,-23.9521516,-46.4001783
UNIDADE EDUCACIONAL CIDADE DE NAHA,35080779,Pública,GENERAL EITCHEGOYEN,25 RUA,RUA,11370-210,,-23.9580943,-46.3830812
UNIDADE EDUCACIONAL ALBERTO SANTOS DUMONT,35080792,Pública,EDUARDO CACAO,SN RUA,RUA,11347-150,(13) 35661498,-23.9775809,-46.4777482
UNIDADE EDUCACIONAL CARLOS CALDEIRA,35080809,Pública,ARMINDO RAMOS,SN PRACA,PRACA,11345-005,(13) 35662522,-23.9897581,-46.4755734
UNIDADE EDUCACIONAL PROFESSORA ADILZA DE OLIVEIRA ROSA SOBRAL,35082247,Pública,31 DE MARCO,SN PRACA,PRACA,11335-355,(13) 34613375,-23.9412806,-46.4062333
UNIDADE EDUCACIONAL PADRE JOSE DE ANCHIETA,35083793,Pública,BRASILIA,SN PRACA,PRACA,11346-005,(13) 35662517,-23.9849958,-46.4849419
UNIDADE EDUCACIONAL PROFESSOR JOSE BORGES FERNANDES,35084633,Pública,SENADOR SALGADO FILHO,SN AVENIDA,AVENIDA,11360-200,(13) 34625330,-23.9426134,-46.3965132
JULIA MARIA DE JESUS CRECHE MUNICIPAL,35085108,Pública,HATCHIK ARMENIO CATCHJAN,210 AVENIDA,AVENIDA,11349-100,(13) 35640245,-23.9491447,-46.4591377
UNIDADE EDUCACIONAL CAIC AYRTON SENNA DA SILVA,35085911,Pública,IRMA MARIA RITA DE SOUZA BRITO LOPES IRMA DULCE,SN RUA,RUA,11349-330,(13) 34061399,-23.9502191,-46.4579291
UNIDADE EDUCACIONAL PROFESSORA EULINA TRINDADE,35085923,Pública,JURACY CAMARGO,SN PRACA,PRACA,11335-355,(13) 34643937,-23.961521,-46.4063103
UNIDADE EDUCACIONAL REPUBLICA DE PORTUGAL,35089461,Pública,VINTE E TRES DE MAIO,265 PRACA,PRACA,11310-170,(13) 34673496,-23.9718088,-46.3930304
UNIDADE EDUCACIONAL PROFESSOR ANUAR FRAYHA,35099089,Pública,JOSE ADRIANO MARREY JUNIOR,SN RUA,RUA,11340-310,(13) 34643482,-23.9559209,-46.4134028
UNIDADE EDUCACIONAL PROFESSORA KELMA MARIA TOFFETI GONCALVES,35099090,Pública,IRMA DULCE,SN AVENIDA,AVENIDA,11349-000,(13) 35643477,-23.9507765,-46.4555927
UNIDADE EDUCACIONAL PROFESSORA MARIA GUILHERMINA MARTINS MACHADO,35099107,Pública,AMERICO MARTINS DOS SANTOS,SN RUA,RUA,11370-550,(13) 35616425,-23.9522668,-46.3815632
UNIDADE EDUCACIONAL MONTEIRO LOBATO,35099120,Pública,RIO LARGO,SN RUA,RUA,11370-650,(13) 34681572,-23.951815,-46.3876286
UNIDADE EDUCACIONAL PROVINCIA DE OKINAWA,35099132,Pública,CIDADE DE CUBATAO,SN RUA,RUA,11330-680,,-23.967685,-46.4089001
UNIDADE EDUCACIONAL VILA EMA,35099144,Pública,DOUTOR MARCELO RIBEIRO NOGUEIRA,SN RUA,RUA,11345-300,(13) 35661864,-23.9927393,-46.4907148
TANCREDO NEVES CRECHE MUNICIPAL,35099156,Pública,NOSSA SENHORA APARECIDA,551 PRACA,PRACA,11355-340,(13) 34630303,-23.94833271,-46.40414734
SAO VICENTE ATENEU,35110383,Privada,AMADOR BUENO DA RIBEIRA,252 212,212,11320-060,(13) 34686895,-23.9667024,-46.3768826
NOTRE DAME ESCOLA UNIDADE I,35110450,Privada,PRESIDENTE WILSON,278 AVENIDA,AVENIDA,11320-000,(13) 35791212,-23.9703236,-46.3718591
HENRIQUE OSWALD ESCOLA,35110474,Privada,AGUIAR CAPITAOMOR,223 AVENIDA,AVENIDA,11310-201,(13) 34683507,-23.9694975,-46.3919989
COLEGIO CULTURA,35110504,Privada,STELIO MACHADO LOUREIRO,312 VILA NOSSA SENHORA DE FATIMA,FATIMA,11355-240,(13) 34639990,-23.9535871,-46.4049046
ITA COLEGIO,35110516,Privada,DJALMA DUTRA,07 RUA,RUA,11310-260,(13) 976006847,-23.9682847,-46.388389
CRECHE MUNICIPAL SILVIO DE ABREU,35120364,Pública,ERNESTO SEBASTIAO DO NASCIMENTO,182 RUA,RUA,11325-070,(13) 35670330,-23.9880961,-46.3958848
VOVO LENICE CRECHE MUNICIPAL,35120455,Pública,PADRE ANDRE DE SOVERAL,281 RUA,RUA,11345-310,(13) 35760219,-23.9923921,-46.4920569
EXITO COLEGIO,35120819,Privada,DEODORO MARECHAL,267 AVENIDA,AVENIDA,11390-100,(13) 34680429,-23.9648028,-46.3795442
JEAN PIAGET COLEGIO,35121253,Privada,STELIO MACHADO LOUREIRO,694 710,710,11355-240,(13) 34621143,-23.9500421,-46.4050013
ESCOLA DE EDUCACAO INFANTIL SEMENTINHA,35121332,Privada,MONTE PLANO,154 RUA,RUA,11335-020,(13) 34640555,-23.96274,-46.39965
EXEMPLO COLEGIO,35122208,Privada,SEBASTIAO RIBEIRO DA SILVA,5 RUA,RUA,11349-140,(13) 35642887,-23.9494052,-46.4586447
SAO PEDRO COLEGIO,35126160,Privada,FREI GASPAR,4180 RUA,RUA,11350-000,(13) 34642522,-23.9476307,-46.4134301
CELLULA MATER COLEGIO UNIDADE II,35137807,Privada,PRESIDENTE WILSON,1252 AVENIDA,AVENIDA,11320-000,(13) 34676160,-23.96954,-46.37363
SANTA ROSA COLEGIO,35140764,Privada,CAMPOS DE BURY,187 RUA,RUA,11310-350,(13) 34695072,-23.9631106,-46.3943092
NOTRE DAME ESCOLA UNIDADE II,35141677,Privada,PERO CORREA,526 RUA,RUA,11320-140,(13) 35791212,-23.9698555,-46.3684327
VERDE QUE TE QUERO VERDE ESCOLA,35144320,Privada,FREITAS GUIMARAES,152 RUA,RUA,11320-140,(13) 33243624,-23.9698196,-46.3699862
APAE DE SAO VICENTE ESCOLA DE EDUCACAO ESPECIAL,35149731,Privada,FELICIANA MARCONDES DA SILVA,205 RUA,RUA,11390-220,(13) 34673991,-23.9618542,-46.3828481
INTEGRACAO COLEGIO UNIDADE II,35151130,Privada,AGUIAR CAPITAOMOR,572 AVENIDA,AVENIDA,11310-200,(13) 35698100,-23.96632765,-46.39164985
NASCIMENTO COLEGIO,35151221,Privada,COSTA REGO,50 RUA,RUA,11380-140,(13) 35615642,-23.9547447,-46.3742159
LIDER COLEGIO,35159293,Privada,TAMBAU,123 133,133,11355-030,(13) 34648157,-23.9543072,-46.4065133
APOIO COLEGIO,35159311,Privada,ANTONIO DOS SANTOS BARBOSA,283 RUA,RUA,11340-320,(13) 34648361,-23.9543502,-46.4116252
FORTEC ESCOLA TECNICA UNID IV,35160477,Privada,WILSON PRESIDENTE,1013 AVENIDA,AVENIDA,11320-001,(13) 35692525,-23.967344,-46.3782042
CASTELINHO CENTRO DE EDUCACAO,35175146,Privada,JOSE MONTEIRO PREFEITO,3341 AVENIDA,AVENIDA,11380-001,(13) 35613905,-23.9611846,-46.3763905
CORACAOZINHO II ESCOLA DE EDUCACAO INFANTIL,35175225,Privada,MONTEIRO LOBATO,190 AVENIDA,AVENIDA,11380-500,(13) 34695936,-23.96561,-46.37253
SANTA MARGARIDA NUCLEO DE RECREACAO INFANTIL,35175249,Privada,VEREADOR JOSE VICENTE DE BARROS,41 RUA,RUA,11330-560,(13) 34624108,-23.96880083,-46.40244637
BRANCA DE NEVE ESCOLA DE EDUCACAO INFANTIL,35175250,Privada,MANUEL COVAS RAIA,389 RUA,RUA,11380-070,(13) 35611712,-23.95528,-46.37042
LAR DE ASSISTENCIA AO MENOR,35175304,Privada,NICOLAU PATRICIO MOREIRA,225 RUA,RUA,11340-380,(13) 34643373,-23.9532628,-46.415752
NOSSA SENHORA DE FATIMA CRECHE MUNICIPAL,35175336,Privada,STELIO MACHADO LOUREIRO,66 RUA,RUA,11355-240,(13) 34642627,-23.9555476,-46.4048457
SONHO DA CRIANCA CRECHE MUNICIPAL,35175389,Privada,VALE DO PO,768 VILA MARGARIDA,MARGARIDA,11330-670,(13) 34649897,-23.9669402,-46.4074435
CAMINHOS DO SABER COLEGIO,35187264,Privada,R PIO XII,126 QUADRA 4 LOTE 18 E 1,1,11340-080,(13) 34699282,-23.9598957,-46.401741
UNIDADE EDUCACIONAL MATTEO BEI II,35193276,Pública,FREI GASPAR,2236 RUA,RUA,11340-000,(13) 34678339,-23.9591787,-46.3991894
CARINHOSO NUCLEO INFANTIL DE CONVIVENCIA,35196770,Privada,CAPITAO M,,,11310-200,(13) 34686056,-23.96786,-46.39181
MAROTYNHO INSTITUTO EDUCACIONAL INFANTIL,35196782,Privada,PREFEITO JOSE MONTEIRO,56 AVENIDA,AVENIDA,11380-000,(13) 34698152,-23.96126,-46.37657
UNIDADE EDUCACIONAL RAUL ROCHA DO AMARAL,35209582,Pública,BELO HORIZONTE,273 RUA,RUA,11347-750,(13) 35661060,-23.982047,-46.4534113
UNIDADE EDUCACIONAL AUGUSTO DE SAINT HILAIRE,35214450,Pública,MARTINS FONTES,1000 AVENIDA,AVENIDA,11390-200,(13) 34682924,-23.9620247,-46.3918101
UNIDADE EDUCACIONAL PROF CONSTANTE LUCIANO CLEMENTE HOULMONT,35214462,Pública,ANTONIO EMMERICK,504 AVENIDA,AVENIDA,11390-000,(13) 34682929,-23.9616099,-46.3780126
UNIDADE EDUCACIONAL PROFESSOR JACOB ANDRADE CAMARA,35214474,Pública,STELIO MACHADO LOUREIRO,1071 RUA,RUA,11355-240,(13) 34641784,-23.946888,-46.4062647
UNIDADE EDUCACIONAL PROFESSORA LEONOR GUIMARAES ALVES STOFFEL,35214486,Pública,OEIRAS,SN RUA,RUA,11345-030,(13) 35760268,-23.9902694,-46.4762827
UNIDADE EDUCACIONAL MANOEL NASCIMENTO JUNIOR,35214498,Pública,ROBERTO KOCK,300 RUA,RUA,11360-190,(13) 34644525,-23.944009,-46.39953
UNIDADE EDUCACIONAL PROFESSOR OCTAVIO DE CESARE,35214504,Pública,TENENTE DURVAL DO AMARAL,183 RUA,RUA,11390-300,(13) 34681938,-23.9611229,-46.3859167
UNIDADE EDUCACIONAL UNIAO CIVICA FEMININA,35214516,Pública,RUI BARBOSA,SN PRACA,PRACA,11360-040,(13) 34672634,-23.9556691,-46.3991328
UNIDADE EDUCACIONAL PREFEITO SEBASTIAO RIBEIRO DA SILVA,35230868,Pública,QUIRINO MARIO BIASOLI,90 RUA,RUA,11350-440,(13) 34636347,-23.9398491,-46.4181378
UNIDADE EDUCACIONAL FRANCISCO MARTINS DOS SANTOS,35230873,Pública,DONALD ALEXANDRE KEALMAN DOUTOR,255 RUA,RUA,11347-040,(13) 35663577,-23.9774028,-46.4785624
UNIDADE EDUCACIONAL PREFEITO JORGE BIERRENBACH SENRA,35230881,Pública,LUIZ FERREIRA MORGADO,1783 RUA,RUA,11347-210,(13) 35660146,-23.9847787,-46.4647343
UNIDADE EDUCACIONAL PREFEITO JONAS RODRIGUES,35230893,Pública,ALEXANDRE SENDIM,304 RUA,RUA,11330-420,(13) 34676024,-23.9747474,-46.3981686
UNIDADE EDUCACIONAL SAULO TARSO MARQUES DE MELLO,35230900,Pública,DOZE,140 RUA,RUA,11348-390,(13) 34064593,-23.9566059,-46.4580674
UNIDADE EDUCACIONAL VILA JOQUEI,35233845,Pública,FERNANDO FERRARI,SN RUA,RUA,11360-360,(13) 34634710,-23.9417604,-46.402405
UNIDADE EDUCACIONAL PROFESSORA REGINA CELIA DOS SANTOS,35233857,Pública,DE VISCONDE TAMANDARE,385 AVENIDA,AVENIDA,11310-441,(13) 35767721,-23.9660891,-46.39018
UNIDADE EDUCACIONAL ANA LUCIA ALMEIDA DE OLIVEIRA,35243164,Pública,JOAO FRANCISCO BENSDORP,201 AVENIDA,AVENIDA,11350-010,(13) 34624924,-23.95536,-46.410212
UNIDADE EDUCACIONAL PROFESSORA VERA LUCIA MACHADO MASSIS,35246165,Pública,JOAO FRANCISCO BENSDORP,1381 AVENIDA,AVENIDA,11350-011,(13) 34639166,-23.9467563,-46.4167258
PAULA LOURENCO DE OLIVEIRA CRECHE MUNICIPAL,35247832,Pública,RUA LIBANIA DE LIMA CROOCK,844 RUA,RUA,11335-050,(13) 34630292,-23.9655817,-46.4090191
TIO JOSE CRECHE MUNICIPAL,35247844,Pública,OITO,240 RUA,RUA,11330-380,(13) 34630245,-23.9731244,-46.4075119
PASTORIL CRECHE MUNICIPAL,35247856,Pública,RUA SAO MIGUEL DOS CAMPOS,173 RUA,RUA,11370-440,(13) 34670689,-23.9509605,-46.3871484
CRIANCA ESPERANCA CRECHE MUNICIPAL,35247881,Pública,VINTE E DOIS,120 RUA,RUA,11347-080,(13) 35760355,-23.9750069,-46.4772504
ISIDORO MENDES INSTITUTO GLAID SENA CRECHE MUNICIPAL,35247923,Pública,DOUTOR ALCIDES DE ARAUJO,25 VILA CASCATINHA,CASCATINHA,11370-200,(13) 35610283,-23.9614471,-46.3838512
NOVA ESPERANCA CRECHE MUNICIPAL,35247947,Pública,CINCO,351 RUA,RUA,11347-460,(13) 35760329,-23.9803884,-46.4603493
MARIA JOSEFA DA SILVA CRECHE MUNICIPAL,35247972,Pública,SENADOR SALGADO FILHO,1040 AVENIDA,AVENIDA,11360-200,(13) 34630519,-23.942471,-46.3959859
ONDINA MARQUES DE MELO CRECHE MUNICIPAL,35247984,Pública,PADRE ANDRE SOVERAL,SN RUA,RUA,11345-310,(13) 35760316,-23.9930787,-46.4906514
SANTA TEREZINHA CRECHE MUNICIPAL,35247996,Pública,BRASILIA,30 AVENIDA,AVENIDA,11347-550,(13) 35760234,-23.9801338,-46.4533914
LUIZ GONZAGA OLIVEIRA GOMES CRECHE MUNICIPAL,35248010,Pública,PAULO HORCEL,251 263,263,11325-100,(13) 35670206,-23.98871,-46.3941201
VOVO RAIMUNDO CRECHE MUNICIPAL,35248083,Pública,CAPITAO ANTAO DE MOURA,47 RUA,RUA,11330-100,(13) 34660427,-23.9712024,-46.3942663
JUDITH CUNHA AMORIM CRECHE MUNICIPAL,35248095,Pública,RUA MIGUEL PASQUARELLI,267 RUA,RUA,11340-360,(13) 34630595,-23.9536826,-46.4148289
ALEXANDER DE SOUZA BARREIRA CRECHE MUNICIPAL,35248125,Pública,FRANCISCO XAVIER DOS PASSOS,43 RUA,RUA,11380-040,(13) 35610364,-23.9587956,-46.3733857
MENINO JESUS CRECHE MUNICIPAL,35248150,Pública,ALVARO TREVISAN,185 VILA NOVA SAO VICENTE,VICENTE,11346-340,(13) 35760284,-23.9897059,-46.48799
UNIDADE EDUCACIONAL ERCILIA NOGUEIRA COBRA,35248976,Pública,VALE DO PO,400 RUA,RUA,11330-670,(13) 34645146,-23.9696966,-46.4049972
CIRCUITO ESCOLA TECNICA NA AREA DA SAUDE,35259779,Privada,GASPAR FREI,2450 RUA,RUA,11340-000,(13) 34661000,-23.9581216,-46.4010952
CMEJA DE SAO VICENTE CEJAIN,35265457,Pública,CAPITAOMOR AGUIAR,798 CENTRO,CENTRO,11310-200,(13) 34695470,-23.96437,-46.39122
CMEJA DE SAO VICENTE CEJACON,35265469,Pública,QUARENTENARIO,1001 JARDIM IRMA DOLORES,DOLORES,11347-520,(13) 35763380,-23.9842,-46.46252
TIC TAC CRECHE MUNICIPAL,35268975,Pública,ALESSANDRIA,5 RUA,RUA,11330-630,(13) 34620256,-23.9666957,-46.4018259
EL SHADAY CRECHE MUNICIPAL,35270568,Pública,TAMOIOS,149 RUA,RUA,11360-070,(13) 34660399,-23.9571176,-46.4004245
ZEZE MASSUNO PROFA CRECHE MUNICIPAL COMUNITARIA,35270573,Pública,FREI GASPAR,4237 RUA,RUA,11350-000,(13) 34630709,-23.9478082,-46.4137275
HEBERT DE SOUZA CRECHE MUNICIPAL BETINHO,35271913,Pública,TREZE,70 RUA,RUA,11345-270,(13) 35670267,-23.9897629,-46.4915425
ANTONIO FERNANDO DOS REIS PREF CRECHE MUNICIPAL,35271925,Pública,VINTE E DOIS DE JANEIRO,630 CENTRO,CENTRO,11310-090,,-23.9666121,-46.3932471
UNIDADE EDUCACIONAL ANTONIO PACIFICO,35273485,Pública,ANADIR DIAS DE CARVALHO,438 RUA,RUA,11360-400,(13) 34646586,-23.9391079,-46.3968223
UNIDADE EDUCACIONAL ARMINDO RAMOS,35273491,Pública,SERGIPE,131 RUA,RUA,11345-050,(13) 35661165,-23.9911652,-46.477164
UNIDADE EDUCACIONAL PROFESSOR GILSON KOOL MONTEIRO,35273508,Pública,RIVALDO DE LIMA FERREIRA,SN VILA MATIAS,MATIAS,11345-290,(13) 35662717,-23.9891701,-46.4922337
UNIDADE EDUCACIONAL PASTOR JOAQUIM RODRIGUES DA SILVA,35273512,Pública,JOAO FRANCISCO BENSDORF,301 CIDADE NAUTICA,NAUTICA,11350-010,(13) 34642173,-23.9547723,-46.4107385
UNIDADE EDUCACIONAL PROFESSORA LAURA FILGUEIRAS,35273521,Pública,MARECHAL EUCLIDES ZENOBIO DA COSTA,75 RUA,RUA,11335-330,(13) 34631420,-23.961664,-46.4070049
UNIDADE EDUCACIONAL PROFESSOR LUCIO MARTINS RODRIGUES,35273533,Pública,ODAIR MULLER DE AZEVEDO MARQUES,434 RUA,RUA,11330-690,(13) 34646289,-23.968206,-46.4093173
UNIDADE EDUCACIONAL PROFESSOR LUIZ PINHO DE CARVALHO FILHO,35273545,Pública,DOUTOR JOSE SINGER,369 RUA,RUA,11349-020,(13) 34662298,-23.9485044,-46.4611603
UNIDADE EDUCACIONAL PROFESSOR RENAN ALVES LEITE,35273557,Pública,DOUTOR ALCIDES DE ARAUJO,1030 AVENIDA,AVENIDA,11370-200,(13) 35613211,-23.9526488,-46.3836385
UNIDADE EDUCACIONAL PREFEITO JOSE MEIRELLES,35275517,Pública,TUPA,345 RUA,RUA,11347-030,(13) 35768396,-23.9775444,-46.4566911
UNIDADE EDUCACIONAL PREFEITO ANTONIO FERNANDO DOS REIS,35275529,Pública,JUIZ DE FORA,90 AVENIDA,AVENIDA,11380-420,(13) 35617722,-23.9624877,-46.3695272
UNIDADE EDUCACIONAL PREFEITO LUIZ BENEDITINO FERREIRA,35275530,Pública,DOUTOR POLYDORO DE OLIVEIRA BITTENCOURT,333 RUA,RUA,11330-570,(13) 34611030,-23.9674564,-46.4021862
UNIDADE EDUCACIONAL NOSSA SENHORA DA ESPERANCA,35278750,Pública,SALVADOR,30 RUA,RUA,11347-725,(13) 35761080,-23.9799378,-46.4526209
GERALDA ERNESTINA DA SILVA CRECHE MUNICIPAL,35278774,Pública,OSWALDO TOSCHI VEREADOR,2975 AVENIDA,AVENIDA,11360-080,(13) 34630509,-23.9405093,-46.3927334
VOVO VITALINO SOARES CRECHE MUNICIPAL,35278798,Pública,JEQUIE,1840 RUA,RUA,11347-400,(13) 35760319,-23.9830369,-46.4588414
REGINA APARECIDA SILVA NASCIMENTO TIA CRECHE MUNICIPAL,35278816,Pública,RUA RIO CLARO,80 JARDIM IRMA DOLORES,DOLORES,11347-715,(13) 35760353,-23.98266387,-46.45246451
UNIDADE EDUCACIONAL MAURO APARECIDO DE GODOY,35278919,Pública,GRANDE ORIENTE DO BRASIL,3 PRACA,PRACA,11355-165,(13) 34622686,-23.9403713,-46.4050676
ALICERCE CENTRO EDUCACIONAL,35289848,Privada,ANITA COSTA DONA,88 RUA,RUA,11380-300,(13) 33268781,-23.9605858,-46.375594
OBJETIVO DO LITORAL CENTRO EDUCACIONAL UNIDADE VIII,35290452,Privada,WILSON PRESIDENTE,424 AVENIDA,AVENIDA,11320-000,(13) 35691919,-23.9698168,-46.3730621
BRINCANDO E APRENDENDO COLEGIO,35290497,Privada,FLORIVAL ALVES DA SILVA,500 RUA,RUA,11346-170,(13) 35761780,-23.9791,-46.49291
LUIZ JUNIOR COLEGIO,35297422,Privada,ANTONIO RISCALLE HUSNE,923 RUA,RUA,11347-020,(13) 35661347,-23.9793225,-46.4702712
PRIMO CHARLES COLEGIO,35297434,Privada,PEDRO II DOM,993 AVENIDA,AVENIDA,11350-100,(13) 34646937,-23.9430084,-46.4152864
CRECHE MUNICIPAL CANTINHO DO ZEZINHO II,35365579,Pública,SALGADO FILHO SENADOR,637 AVENIDA,AVENIDA,11360-200,(13) 34646120,-23.9461184,-46.3974448
EVOLUCOES COLEGIO,35366493,Privada,ESMERALDO SOARES TARQUINIO DE CAMPOS FILHO DOUTOR,765 AVENIDA,AVENIDA,11346-000,(13) 35662295,-23.9865239,-46.4817897
KAYK NASCIMENTO DA SILVA CRECHE MUNICIPAL COMUNITARIA,35369470,Pública,QUIRINO MARIO BIASOLI,98 RUA,RUA,11350-440,(13) 34630223,-23.9397533,-46.4184286
ANDREA NOBREGA INSTITUTO EDUCACIONAL,35369986,Privada,GOIAS,730 JARDIM IRMA DOLORES,DOLORES,11347-515,(13) 35661209,-23.9807736,-46.4547032
ARTES E MANHAS ESCOLA,35370174,Privada,JORGE SAO,238 RUA,RUA,11380-310,(13) 35615496,-23.9594536,-46.3739445
GRUPO DA PRECE CRECHE MUNICIPAL COMUNITARIA,35395341,Pública,TAMBAU,1534 VILA NOSSA SENHORA DE FATIMA,FATIMA,11355-030,(13) 34643679,-23.9418265,-46.4080503
CONSTRUINDO O FUTURO ESCOLA DE EDUCACAO INFANTIL,35395511,Privada,CAIAMORE,681 RUA,RUA,11335-010,(13) 34640522,-23.96552675,-46.4047465
CANTINHO DO CEU CRECHE MUNICIPAL,35402148,Pública,ATALIBA LEONEL,358 RUA,RUA,11370-450,(13) 30270430,-23.9524817,-46.3857584
ETEC DOUTORA RUTH CARDOSO,35405224,Pública,CORONEL LOPES,387 PRACA,PRACA,11310-020,(13) 34672955,-23.9650745,-46.3835486
RAIO DE SOL NUCLEO RECREATIVO INFANTIL,35420448,Privada,SIMAO JAHJAH,890 RUA,RUA,11346-200,(13) 35661797,-23.98881313,-46.48269387
ANDREA NOBREGA INSTITUTO EDUCACIONAL,35429181,Privada,RUA GOIAS,SAMARITA,,11345-000,(13) 35663716,                              ,                              
LOBATO COLEGIO,35430365,Privada,PERSIO DE QUEIROS FILHO,614 AVENIDA,AVENIDA,11370-300,(13) 34692843,-23.9579502,-46.3877068
CARA PINTADA CENTRO DE RECREACAO INFANTIL,35434024,Privada,DUARTE DA COSTA DOM,858 RUA,RUA,11360-280,(13) 34646203,-23.94941,-46.39795
CRUZ AZUL DE SAO PAULO COLEGIO,35440826,Privada,RUI BARBOSA,238 PRACA,PRACA,11360-040,(13) 34655520,-23.9548238,-46.399564
ALEGRIA DE VIVER ESCOLA,35442069,Privada,SIRIA,255 RUA,RUA,11330-140,(13) 34668498,-23.96994,-46.39659
UNICO COLEGIO,35446786,Privada,FRANCISCO DIAS JORGE,745 RUA,RUA,11350-270,(13) 34638942,-23.9413592,-46.4115221
MUNDO VERDE COLEGIO,35452270,Privada,ANTONIO EMMERICH,1373 VILA CASCATINHA,CASCATINHA,11370-900,(13) 33711808,-23.9597154,-46.3730844
PENITENCIARIA DOUTOR GERALDO DE ANDRADE VIEIRA I,35454138,Pública,PADRE MANOEL DA NOBREGA KM 66,SN KM 66,66,11348-910,(13) 34061310,-23.961559,-46.4703781
NAYLA AMOR A VIDA CRECHE COMUNITARIA,35461271,Privada,DILSON MARONE,25 RUA,RUA,11350-570,(13) 11350570,-23.9415033,-46.4191731
TURMINHA DA DISNEY ESCOLA DE EDUCACAO INFANTIL,35463383,Privada,EMILIO JUSTO DEPUTADO,202 RUA,RUA,11349-030,(13) 34060833,                              ,                              
CENTRO EDUCACIONAL SENINHA,35468666,Privada,CINCO,350 RUA,RUA,11347-460,(13) 997917481,-23.98038531,-46.46006974
UNIDADE EDUCACIONAL MARIA ELIZABETH RAMOS DA SILVA,35469701,Pública,UM,135 RUA,RUA,11345-010,(13) 35760359,-23.9880561,-46.4687696
JOSEFA MARIA DE SOUZA CRECHE MUNICIPAL,35478337,Pública,QUARENTA E CINCO,710 PRACA,PRACA,11349-210,(13) 35640264,-23.9518979,-46.4533393
EVOLUCOES UNIDADE II COLEGIO,35482080,Privada,ESMERALDO SOARES TARQUINIO DE CAMPOS FILHO DOUTOR,1074 AVENIDA,AVENIDA,11346-000,(13) 35666167,-23.9885984,-46.479938
ALDEIA DE PARANAPUA,35495670,Pública,PRAIA DE PARANAPUA,SN AVENIDA,AVENIDA,11325-010,,                              ,                              
NUCLEO DE RECREACAO INFANTIL NOVO PLANETA DA CRIANCA DE SAO VICENTE,35496728,Privada,JOAO ARMENIO CAICHJIAN,68 RUA,RUA,11340-390,(13) 34671993,-23.96045,-46.40365
ESCOLA PARTICULAR VILMA VILA NOVA,35496736,Privada,CEARA,111 RUA,RUA,11345-045,(13) 996453664,-23.9907029,-46.4747913
PRIVILEGIO COLEGIO,35498865,Privada,QUINTINO BOCAIUVA,675 E 685,685,11320-010,(13) 34669130,-23.9677002,-46.3733756
PEQUENO APRENDIZ CRECHE ESCOLA,35499948,Privada,TENENTE JOSE DOS SANTOS,269 JARDIM RIO BRANCO,BRANCO,11347-100,(13) 35661738,-23.9766089,-46.4807817
VIDEIRA COLEGIO,35513647,Privada,ALAGOAS,120 RUA,RUA,11347-190,(13) 35760800,-23.9844647,-46.4666953
CENTRO ATEND SOCIO-EDUC ADOLESCENTE DE SAO VICENTE-UIP,35559519,Pública,RODOVIA PADRE MANOEL DA NOBREGA,SAMARITA,,11346-300,(13) 34064603,                              ,                              
CENTRO ATEND SOCIOEDUC ADOLESCENTE DE SAO VICENTE CI,35559520,Pública,MANOEL DA NOBREGA,SN RODOVIA,RODOVIA,11346-300,(13) 33253828,-23.9615142,-46.473623
JOSE CAMPELO VOVO CRECHE MUNICIPAL,35560856,Pública,GILBERTO ESTEVES MARTINS,320 JARDIM RIO BRANCO,BRANCO,11347-200,(13) 34060691,-23.9770725,-46.4760525
ARTES E MANHAS UNID II ESCOLA EDUC INFANTIL ENS FUNDAMENTAL,35560960,Privada,FRANCISCO XAVIER DOS PASSOS,425 RUA,RUA,11380-040,(13) 33299782,-23.9555679,-46.3720716
LAR DA CRIANCA FELIZ CRECHE MUNICIPAL,35561034,Pública,LOVELY PLAUCHUT PROFESSOR,787 RUA,RUA,11335-300,(13) 34649299,-23.9670579,-46.4112822
SENAT SERVICO NACIONAL DE APRENDIZAGEM DO TRANSPORTE,35565885,Privada,PC ADALBERTO PANZAN,151 ESPLANADA DOS BARREIROS,BARREIROS,11340-265,(13) 34651300,                              ,                              
CENTRO RECREATIVO INFANTIL JARDIM OLIVEIRA,35578873,Privada,JEQUIE,1888 RUA,RUA,11347-400,(13) 35668057,                              ,                              
CRECHE ESCOLA DE EDUCACAO INFANTIL PALAVRA CANTADA,35579063,Privada,DO PARQUE,487 TRAVESSA,TRAVESSA,11365-330,(13) 34680752,-23.96094489,-46.38990177
PENITENCIARIA II DE SAO VICENTE,35581689,Pública,PADRE MANOEL DA NOBREGA,SN KM 282,282,11348-910,(13) 34061221,                              ,                              
ESCOLA FORTEC,35583716,Privada,BENEDITO CALIXTO,160 170,170,11320-070,(13) 35692525,-23.9676152,-46.3759908
BERCARIO E EDUCACAO INFANTIL ROSA DE SAROM,35586249,Privada,SANTA CRUZ,78 RUA,RUA,11310-290,(13) 34667838,-23.96799261,-46.39032997
CAMINHO DO SABER,35587928,Privada,ALAMEDA DOIS,817 PARQUE CONTINENTAL,CONTINENTAL,11348-300,(13) 35642136,-23.95435693,-46.46098349
COLEGIO GENESIS SAO VICENTE,35587953,Privada,JULIA DE ALMEIDA PIRES PROFESSORA,530 RUA,RUA,11347-090,(13) 33666688,-23.97897339,-46.47873247
CAMBARA ESCOLA,35805312,Privada,RUA DO COLEGIO,161 CENTRO,CENTRO,11310-210,(13) 34669376,-23.9641083,-46.3791773
ALBINO LUIZ CALDAS PROFESSOR,35901404,Pública,IRMA MARIA RITA DE SOUZA BRITO LOPES IRMA DULCE,SN RUA,RUA,11349-330,(13) 34061163,-23.9604032,-46.4699338
ERCILIA NOGUEIRA COBRA,35901428,Pública,VALE DO PO,400 VL MARGARIDA,MARGARIDA,11330-670,(13) 34649952,                              ,                              
PAULO DE ARRUDA PENTEADO PROFESSOR,35905012,Pública,JOSE SINGER DOUTOR,SN AVENIDA,AVENIDA,11349-000,(13) 34062214,-23.9497284,-46.460612
JOSE DE ALMEIDA PINHEIRO JUNIOR PROFESSOR,35909865,Pública,DOUTOR JOSE BENEDITO ALMEIDA RIBEIRO,SN RUA,RUA,11346-030,(13) 35662718,-23.9847933,-46.4901917
JOAQUIM LOPES LEAO PASTOR,35909877,Pública,ALEXANDRE SENDIM,150 RUA,RUA,11330-420,(13) 34697675,-23.9743525,-46.3986125
OSWALDO DOS SANTOS SOARES PROFESSOR DOUTOR,35909889,Pública,NOVE DE JULHO,465 AVENIDA,AVENIDA,11370-020,(13) 35612151,-23.9568712,-46.3803114
ALBERTO AUGUSTO PASTOR,35909907,Pública,DEZESSETE,SN RUA,RUA,11350-540,(13) 34643337,-23.940446,-46.4177519
MARIO COVAS JUNIOR GOVERNADOR,35923485,Pública,DOUTOR ARCHIMEDES BAVA,SN RUA,RUA,11346-190,(13) 35768089,-23.9820495,-46.4947367
CEL JTO A EE MARTIM AFONSO,35985247,Pública,JOSE BONIFACIO,102 RUA,RUA,11310-080,(13) 34681625,-23.969276,-46.38343